find out,"na. 查出；发现；看清…的面目；识破
"
a large sum of,"na. 大量的
"
in line with,"na. 和…成一直线；〔美国〕和…一致
"
put aside,"na. “set aside”的变体
"
read off,"na. 读(出)；数
"
plenty of,"na. 很多的
"
eat out,"v. 出去吃；在外面吃饭
"
follow suit,"na. 【牌】跟出同花色的牌；学样
"
as long as,"conj. 只要
"
up in arms,"na. 武装反抗；武装起义；采取敌对态度
"
far more than, 远远多于，远不止于；何止；远远是
remind ... of,"v. 提醒
"
burst out,"na. 冒出；现出；突然发作；突然发生
"
take pride in,"na. 以…自豪；对…感到满意
"
be contemptuous of,"na. 瞧不起
"
at home,"na. 在家；安适；在家接待客人；在本国 (opp. abroad)
"
resort to,"na. 使用(武力)
"
a little bit,"n. 一点
"
take place,"na. 发生；举行
"
be of importance,无
be of ... importance,无
be competent to,无
clamp down,"v. 严厉打击；强制执行；严禁；施压
"
in one's view, 依某人看来
turn to,"v. 向(某人)求助；求助于
"
break through,"na. 【军】突破(点)；(科技等的)重大发现；关键问题的解决
"
draw a conclusion from, 从……得出结论；从……中得出结论
keep pace with,"na. 赶上；保持同步；随着…而增长
"
the rest of,"adj. 其余
"
on the board, 董事会；在董事会；在那块木板上
encourage sb. to do sth., 鼓励…做；鼓励做某事
in other words,"na. 换句话说
"
to put it another way,"na. 换言之
"
be obsessed with,"un. 昼夜萦绕在…心头；被…缠住；埋头研究
"
force sb. to do sth.,"v. 强人所难
"
get the nod, 被选中；得到许可；被选择
ahead of,"prep. （时间、空间）在…前面；早于；领先
"
afford to,（有条件）做；能承担；买得起某物；支付的起
a ban on,无
in response to,"na. 应…而
"
make up,"na. 弥补；起草；定；签订
"
take the lead,"v. 率先
"
too ... to ..., 太……而不能；太……以致不能；用法
on one's own,"na. 独自地；独立地；凭自己力量；主动地
"
result in,"na. 终于(失败)
"
as it happens,"na. 碰巧
"
in trouble,"na. 为难；被捕；未婚怀孕
"
lay out,"n. 布局；设计；规划；安排
"
keep an eye out for,"na. 记住
"
bring about,"na. 造成；带来；【航】(使船)回转
"
in question,"adj. 在谈论中
"
be under way, 在进行中；正在进行；正在开展
in the first place,"na. 首先；第一
"
get on well with, 与……相处融洽；和……相处得好；与……相处得好
by accident,"na. 偶然 (opp. on purpose)
"
in the face of,"na. 不避；不管；〈英〉在…前面；面临
"
wear off,"na. (精力)衰退；(衣服等)渐破
"
in short,"na. 简单地说；总之
"
arise from,"v. 从…而得的
"
be incapable of,"v. 无能力
"
in a word,"na. “in a few words”的变体
"
succeed in sth.,"v. 成功于
"
respond to,"v. 响应
"
serve on,"v. 担任
"
divide into,"v. 分为
"
of necessity,"na. 必然；不得已；不可避免地
"
glare at,"v. 怒目而视
"
for example,"na. 例如
"
look for,"v. 寻找；探索；渴望；盼望
"
turn around,"na. 转身；〈美〉使向好的方向转变
"
invite ... to, 邀请参加；邀请去；你们邀请了谁来作报告
instead of,"prep. 代替；作为…的替换
"
in part,"na. 一部份地；有几成；在某种程度上
"
be designed to, 被设计用于做；目的是；被设计作
insure against, 给……投保；给……保险；保险
move on,"na. 继续前进；(使)继续前进；〔交通警察命令〕向前!
"
a group of,"det. 一群
"
make a profit, 获利；赚钱；赚取利润
consent to,"v. 同意；赞成
"
in the midst of, 在…当中，在…中间；意思是在某一进程之中；正当…的时候
in fashion,"na. 时新的
"
rip off,"v. 剥削；抢劫；强奸；〈俚〉剽窃
"
for instance,"na. 例如
"
account to, 向某人报帐；向某人报账；解释
embody in, 体现；使具体化
under stress,"un. 在受力时
"
come true,"na. (预言等)成事实；实现；(作物)不变种地发芽生长
"
thousands of,"adj. 几千；成千上万
"
accord with,"na. 和…一致
"
stand for,"na. 〈口〉忍耐；忍受；主张；拥护
"
think of,"na. 想起
"
brand ... as,标以…记号(指恶名)，给…加上…的污名：；给(商品)加上…商标
identify with,"v. 相同于
"
be entitled to, 有权；有资格；有权做
in addition,"na. 加之
"
be grateful for,"v. 感激
"
think back,"un. 苦苦地思索；回忆
"
engage with,"un. 与…交战；与…接洽
"
have nothing to do with,"na. 办完；和…断绝关系；已和…无关
"
return the favor, 报答；回报；还你人情
return a favor,无
be applicable to,"v. 适用于；能应用
"
line up,"na. 整顿(机械等)；排成一列；使(兵士)排齐；整顿阵容
"
go through with,"v. 完成；做到底
"
make fun of,"na. 嘲弄
"
make efforts to, 尽一切努力
make an effort to,"un. 使劲…；努力
"
in touch with,"na. 取得[保持]联系；同情
"
nothing more than,"un. 只有；跟…迥然不同；只不过
"
rather than,"na. 而不
"
without question,"na. 无疑地；没有异议
"
stake out,"na. “stake off”的变体
"
relate to,"na. 有关联；与…有关；理解
"
place a burden on,无
tens of thousands of, 数以万计；成千上万；几万
hundreds of millions of,无
pray for,"v. 祈求
"
invest in,"v. 投资到
"
be eager to,"v. 渴望
"
come into one's own,"na. 取得属于自己的财产[东西]；获得应有的名誉[信用等]
"
keep track of,"na. 追踪；记录；保持联系；密切注意…的动向
"
clean up,"na. 收拾干净；【机械工程】改正；〔俚语〕赚厚利
"
open up,"na. (打)开；割开；开发(资源)；揭示
"
part of,"adj. 部分
"
common sense,"n. 常识
"
from the outset,"na. 从一开始
"
in favor of,"na. 赞成；有利于；付与
"
be seen to be,无
or else,"na. 不然
"
talk of,"na. 讲；说要
"
turn off,"v. 关掉
"
attempt to,"un. 企图
"
look inside, 向里面看；往里看；看里面
in depth,"na. 广泛
"
so that,"conj. 因此；以便
"
work for,"na. 被…雇用着；为…尽力；参加
"
come to fruition,"na. 有结果
"
in exchange, 作为交换；作为对…的交换；为了换取
in exchange for,"na. 换
"
be interested in,"v. 对…感兴趣
"
set limits on,无
lean towards,"un. 倾向:
"
as a result,"adv. 结果
"
vary from ... to ...,"vi.从...到...不等,从...变化为"
shrug off,"na. (耸肩)表示轻蔑[不屑]；摆脱；扭身脱掉(衣服)
"
not long ago,"na. 前不久
"
remove from,"un. 被学校开除；不再需要
"
rest on,"na. 被支持在…上；(目光等)停留在…上
"
keep ... away from,(使)远离，(使)不接近；(使)不在
with confidence,"na. 很有把握地
"
appear to,"un. 看来像是
"
provide sth. for sb.,"v. 为…作准备
"
be expected to, 被期待做某事; 有望做某事; 期许
pledge to,无
substitute for,"v. 取代；替代
"
wait for,"na. 等；等待
"
draw attention to,"un. 促使…注意
"
draw sb.'s attention to,无
none of ...,"adj. 没有一个
"
decide to, 决定；决定去做；决定要
in the long term,"na. 从长期看
"
break up,"v. 拆散；打碎；剖割(兽体等)；破坏
"
be hostile to,"na. 敌视
"
be hostile towards,无
be linked to, 与…有联系；与…有关；与……相联系
be packed with,"挤满..., 装满..., 塞满..."
in addition to,"na. 加之
"
be apt to,"v. 易于；善于
"
assign sb. to sth.,"un. 指定(时间、地点)；提出(理由等)；分配；分给…用
"
assign sb. to do sth.,无
stick with, 坚持；继续支持；坚持做
tease out,"na. (将纠缠在一起的东西)整理；得出
"
rise above,"na. 凌驾…之上；超越…；摆脱
"
wipe out,"na. 擦去；【无线】遮蔽；遮蔽地域；【信】封闭
"
strip sb. of sth.,"un. 剥去；剥掉；剥夺；失去
"
come to terms with,"un. 谈得拢；和…达成协议；与…友好相处；追恋
"
place emphasis on,"na. 着重在；加强(语气)
"
put emphasis on,"na. 着重在；强调
"
side with,"v. 援助；偏袒
"
look after,"na. 照看；照顾；看管；对…负责
"
rush to,"un. 掠过；奔到；抢救
"
set off,"na. 分；分割；划开；区划
"
flee to,"v. 投奔
"
out of line,"na. 不一致；不成一直线
"
with the exception of,"na. 除…外
"
lay off,"na. 辞退；停止；暂停
"
set back,"na. 阻碍；延迟；〈非正式〉花费
"
be born with, 天生具有；生而具有；生就
no less than,"prep. 多达
"
in such a case, 在这种情况下
all the more so, 更加如此；更是如此；尤其这样
be accessible to, 能接近；容易接近的；可进入的
in essence,"na. 本质上；大体上
"
cling to,"v. 依附；坚持
"
do harm to,"v. 损害
"
make it,"na. 赶到；办成功；规定时间；〔美俚〕性交
"
for the better,"na. (有)好转
"
for fear of,"na. 因为怕；唯恐
"
for fear that,"na. 生怕
"
take control of, 控制；掌管；取得对……的控制
bear on,"na. 瞄准；压迫；倚恃；与…有关系
"
bear upon,"na. 瞄准；压迫；靠；与…有关系
"
flag up, 举旗
in need of,"adj. 需要
"
turn on,"na. 转向；对…进行突击
"
in the meantime,"na. 在这期间
"
participate in,"v. 参加；分享
"
apply to,"v. 应用于
"
out of necessity, 出于必要；迫不得已；出于需要
manage to,"v. 设法处理
"
leave behind,"na. 遗留；留下；追过；留在后头
"
on the one hand,"na. 一方面
"
on the other hand,"na. 从另一方面来说；在另一方面
"
correlate with, 找出一一对应的关系；与…相关；使相互关联
concern for,"un. 关心
"
at a time,"na. 一次(多少)；同时；曾经；连续
"
in place,"na. 得其所；适当的
"
differentiate ... from ..., 指出出…与…有区别
correspond to,"v. 符合
"
split up,"na. (使)分裂；〔美俚〕吵架；同“split”
"
keep to,"v. 坚持；固守
"
at night,"na. 在黄昏时候；晚上
"
in silence,"na. 沉默着
"
fend off,"na. 挡开；避开(灾祸等)
"
be another matter,无
prove to be,"v. 证实
"
the hard way,"na. 用笨法
"
a kind of,"na. 一类；几分；稍稍
"
in total,"adv. 全部；完全
"
compensate for,"v. 补偿；抵偿
"
need to,"v. 需要
"
be biased against,"na. 对…抱有偏见
"
be biased towards,无
pop into, 访问某人；匆匆走进；不假思索地到
for sale,"na. 出售(的)
"
work against, 对……不利；对…产生不利的作用和影响；反对
wake up,"na. 同“wake”；叫醒；醒来；振作起来
"
at first,"na. 首先
"
at the same time,"na. 同时；另一方面；与此同时
"
cannot but, 不得不；禁不住；不能不
cannot help,"na. 忍不住要
"
cannot help but, 不得不；无奈；禁不住
be better off,"na. 情况[处境]更好；更加富有；处境较好
"
be better off doing,无
classify ... into ...,无
cast light on sth., 映照；阐明；使明白
shed light on sth.,"na. 阐明；解释；将…弄明白；照亮
"
throw light on sth.,"na. 弄明白
"
above average,"adj. 异乎寻常的
"
be cautious about,无
give away,"na. 赠送；分发；放弃；露马脚
"
proceed to,"un. 前进；继续进行:
"
or so,"un. 与其说…不如说…；大约
"
depart from,"na. 背离；不合(习惯等)；违反
"
amount to,"v. 合计
"
insist on,"v. 坚持；强调
"
deal with,"na. 办理；对待；与…交涉；与…交易
"
peculiar to, 特有的；独具的；独有的
do one's utmost,"na. 尽所有力量
"
try one's utmost, 竭力尽全力; 竭尽心力
be independent of,"na. 独立于…之外的；与…无关的
"
provide ... with sth.,"v. 供给；供应
"
body of, 胆囊体
come along,"na. 进步；同意；一道来；请过来
"
be concerned with,"na. 干与；关怀
"
by chance,"na. 偶然
"
struggle against,"v. 反对
"
struggle to, 竞争；救援人员今早奋力；斗争
take turns,"na. 替换
"
roll out,"na. 滚出；离开；展开；〈美〉起床
"
be full of,"na. 充满…(的)
"
prefer to,"un. 较喜欢；宁愿:
"
offer up,"v. 奉上
"
make the most of,"na. 充分使用；尽量使好[不好]看；极为重视；尽量称赞[贬损]
"
in principle,"na. 原则上
"
outside of,"prep. 在…外面
"
connect to,"un. 接于
"
receptive to, 乐於接受的
second only to, 仅次于；次於；英文单词
be second only to,无
middle ground,"n. 中间立场；中间观点
"
take a stand,"na. 困守(城池等)；立定脚跟
"
take one's stand,在…的位置；在…上站岗；站在…的立场；以…为根据
take a stand on sth.,"v. 站在…立场
"
take one's stand on sth.,无
hail from,"v. 来自
"
at work,"na. 做着；在工作；起着作用；运转中
"
lead to,"na. 通向
"
keep ... from doing sth., 避免做；避免做某事；从某事中停下来
all of a sudden,"na. “all at once”的变体；突然
"
evolve from, 进化自；从……发展而成；由……进化而来
a few,"na. 几个；〔反语〕很多；〈俚〉一点点
"
work with,"na. 打动
"
press on,"na. 向前挤；坚决推进；“press ahead”的变体
"
press ahead, 推进；继续进行；奋勇前进
press forward,"v. 向前推进
"
press on with,"na. 加紧
"
press ahead with, 加紧进行；推行；推进
press forward with,"vt.加紧,决心继续"
have an impact on, 对…有影响；对…起作用，产生效果；对于…有影响
have an impact upon,"对…有影响;对…起作用,产生效果"
be possible to, 做得到的；有可能
rein in,"na. 勒住(马)；控制
"
seize on,"na. 猛扑；袭击；利用；采用(提议)
"
seize upon,"na. 猛扑；袭击；利用；采用(提议)
"
persuade sb. into sth.,劝某人做某事
persuade sb. into doing sth.,无
not to mention,"na. …不用说
"
be necessary to,"na. 为…所必要
"
a bit,"na. 有点儿〔作副词用〕
"
seek ... from, 从…寻求
make sense,"na. (话等)有意义；合理；有道理；讲得通
"
be vulnerable to, 易于患上；易受；对…无能为力
out of control,"na. 失去控制
"
in front of,"na. 在…的前面
"
look down on,"v. 轻视；看不起
"
disagree about sth., 对…意见不一；意见不合；有分歧
disagree on sth., 众议纷纭；对…持有不同看法；众议纷坛
be unfamiliar with, 不熟悉；对…不了解或不熟悉
arrive at,"v. 到达；得出
"
arrive in,"v. 到达；达到
"
take over,"na. 接管；继承
"
take effort,无
be about to,"na. 准备
"
lure sb. into sth.,引诱(某人或某动物)进入(某处); 诱骗(某人)(做某事)
lure sb. into doing sth.,无
tell apart,"na. 辨别
"
sum up,"na. 〈口〉概括；总结
"
be disappointed at, 对…失望；对……感到失望；后应接指东西的词
feel disappointed at,无
in the form of,"na. 用…的形式
"
decide on,"na. 决心
"
decide upon,"na. 决定(采取某种行动)
"
in the end,"na. 终于
"
focus on, 致力于; 使聚焦于; 对（某事或做某事）予以注意; 把…作为兴趣中心
in dispute,"na. (在)争论中的
"
be essential to,"v. 对…必不可少
"
let rip, （非正式）全力以赴，无拘无束行事，自由自在地行动
after all,"na. 毕竟；终究；最后
"
comply with,"v. 遵守
"
be suspicious of,"v. 怀疑
"
be suspicious about,"对…怀疑,怀疑…"
ascribe ... to,"v. 把…归于
"
aim for,"un. 力求；以…为最终目的
"
aim at,"v. 目的在于
"
as a whole,"na. (作为一个)整体
"
filter out,"un. 〔物〕滤光；滤出；慢慢传出；听不进去
"
as opposed to,"adv. 相反于
"
have confidence in,"信任,信赖 in confidence 秘密地,私下,暗中"
tax on,"un. 征税
"
relative to,"adj. 有关
"
be relative to,"na. 和…相应
"
such as,"un. 例如；像；象…这样；诸如…之类
"
react to,"v. 对…有反应
"
drop back to,无
go against,"na. 违背；不利于
"
make the best of,"v. 充分利用
"
by all means,"na. 必定；千方百计；不惜一切；好的
"
be bound to do sth., 注定；一定会做某事；必然
keep away,"na. 不挨近
"
keep away from,"v. 远离
"
along with,"na. 与…一道；以外
"
at large,"na. 随便；拉杂地
"
in detail,"na. 详细
"
lose faith in,"na. 对…失去信念
"
under fire,"na. 在炮火下；受到攻击；在弹雨下
"
work out,"v. 作出；拟定；制定；计划一下
"
adapt to,"na. 使(自己行动)配合(同伴)
"
look at,"na. 看；考虑
"
be representative of,"v. 代表
"
on that count,无
function as,"n. 起…的作用
"
eligible for sth., 合格；对……合格；够资格
be eligible for sth., 有资格；对•••有资格；合格的
be qualified to,"v. 有…的资格
"
free from,"na. 无…的
"
sign on,"na. 签字聘用[就聘]；签字承认；作工作记录
"
at times,"na. 时时
"
come out,"na. 出来
"
be parallel with,"与...同时, 随着..., 与...比较, 与...相应, 与...并联"
be parallel to,"v. 与…平行
"
try to do sth., 尽力做某事；努力做某事；试着做某事
kick out,"na. 踢出；解雇；踢足球出界
"
talk about,"na. 讲(某事)
"
be reluctant to do sth.,无
emigrate to, 移民；移居至；移居到
sort out,vt.& vi. 把…安排妥当; （从…中）区分出来，辨别出来; 分类; 整理; 整顿; 解决
knock off,"na. 敲落；中止(工作)；即席作(诗文等)；减低(价格)
"
worry about,"v. 发愁；担忧；为…发愁；替…担忧
"
up to,"na. 干(着)；到；胜任；…的责任
"
by default, 默认；缺席；预设
turn over,"na. ￡ 500 a week 每星期卖得五百镑
"
for use, 以便使用；用途；供使用
bring forth,"na. 提出；生
"
attribute to,"na. 认为(成功)是(努力)的结果
"
see ... as, 视…为；看作；看作为
perceive ... as, 认为；视为；当作
compete with,"v. 竞争
"
come down,"na. 败落；退步；(飞机的)下降
"
jump at,"v. 欣然接受
"
pay attention to,"na. 注意
"
listen to,"v. 听
"
be licensed to,被许可…
be obliged to,"na. 感谢；不得已而…
"
guard against,"v. 防止；加以预防；抵御
"
to come,"n. 将来
"
turn out,v. （以某种方式）发生；最后是；结果是 （尤指天气突然）变得（晴好） 原来是；结果发现 出席;参加;前去观看关掉，熄灭（电灯、煤气等） 出席;参加;前去观看生产；制造 （尤指把某人从其长期居住处）撵走，赶出，逐出 翻出；倒出 出席；参加；前去观看
let alone,"na. 任随；更不用说；放任；莫说…(连)
"
half of,无
come to mind, 想到；出现在脑海中；想起
promise to, 许诺做；承诺；给自己承诺
out of style,"na. 没有样子；“in/out of style”的变体
"
renege on, 食言；违背；违约
for my part,"na. 至于我
"
for the best,"na. 出于好意；会[想]得到最好结果
"
evolve into,"un. 发展成
"
suck in,"na. 吸进去；吸收(知识)；(漩涡等)卷进去
"
exclusive to, 专为…所独有；独享
take up,"na. 拿起；举起；拾起；给搭(火车等)
"
look back,"na. 回头看；回顾；追想 (to；upon)；(对事业等)不起劲
"
lack of,"v. 缺乏
"
approve of,"na. 赞成
"
weigh in,"v. 参加，称重量，比赛前量体重
vi. （口语）发表评论; 施加影响"
call out,"na. 呼喊；大声叫唤；召集；号召罢工
"
no exception, 没有例外；无一例外；不例外
set out,"n. 开始；出发；动身；准备
"
speed up,"na. 加快(机器等的)速度；使加紧做
"
fit in, 有地方容纳; 有时间从事（某事）; 有时间接待（某人）; 相处融洽
in a dilemma, 处于进退两难的境地；左右为难；进退维谷
in charge,"na. 主任[主管]
"
day by day,"na. “day after day”的变体
"
in the name of,"na. 凭…的名；为…的缘故；作…的代表
"
infuse sb. with sth.,"v. 灌入
"
infuse sth. with sth.,"v. 灌入
"
be susceptible to,"na. 对…敏感
"
be sympathetic to,vt.对...表示同情
become sympathetic to,无
give priority to,"na. 把优先权让给…
"
detect ... from ...,从…中发现
do damage to ...,"na. 损害
"
get together,"na. 聚集；集合；汇齐；积累
"
revolve around,"v. 旋绕
"
catch one's attention,无
gaze into,无
lose one's job, 失业；失掉职位；打破饭碗
all too often,"na. 再三再四
"
be hailed as ..., 被当作；被誉为；被一致认为
push sb. too far,无
at the moment,"na. “for the moment”的变体
"
at the speed of, 以……的速度；以…速度；速度为
similar to,"v. 与…类似
"
differentiate between A and B,把(甲)和(乙)区别/分开来
rely on,"v. 依靠；信赖
"
by the end of,"prep. 在…尽头
"
register for, 注册；选课；登记参加
be dominant over,无
doze off,"v. 打瞌睡
"
pin down,"na. 强迫(人)承认[履行]条约；用…束缚住；阻止；牵制
"
at that point, 在那时；在那个阶段；就在那时
empower sb. to do sth.,无
be prone to,"v. 易于…的
"
devote to,"v. 把…贡献给
"
in advance,"na. 预先；在先头
"
far beyond, 是远远超过的意思；融解的速度远超过；大大超越
point out,"na. 指出
"
be enthusiastic about, 热衷于；对…热情；对……怀着热情
put an end to,"na. 结束
"
sit for the bar,无
put on,"na. 假话
"
be put on hold, 暂停；搁置；被叫停
come with, 伴随…发生；与……一起供给；与……一起来
value in,无
lose control of,"na. 失却对…的控制力
"
in prison,"na. 在狱中
"
make up for,"v. 偿还；赔偿
"
a string of,"det. 一串；一系列
"
be willing to,"na. 乐意进行
"
most often,adj. 常常( often的最高级 ); 经常; 时常; 在大多数情况下
be confronted with,"na. 碰到(困难)
"
be afraid to,"na. 怕
"
make conversation, 找话谈，进行无意义的空谈，闲扯
show sympathy for,无
take ... for granted,"v. 想当然
"
most of,"adj. 大多数
"
at all,"na. 全然；究竟
"
weigh down,"na. 使负重担；压迫
"
follow the example of,"na. 照…的榜样
"
go away,"na. 离开；带走
"
as a means of, 以资；作为…的方法；作为…的工具
around the clock,"na. 夜以继日地
"
be serious about,"v. 用心
"
search for,"na. 寻找；寻求；探求
"
lean on,"na. 靠在；倚赖；【军】据险(固守)
"
in reality,"na. 事实上；实在
"
quick fix,"n. 权宜之计
"
in conjunction with,"na. 与…共同；连带着
"
look up to,"v. 尊敬；另眼看待；向…一举一动看齐
"
a big deal,"na. 要人；重要的事
"
switch to,"v. 转换到
"
volunteer to, 志愿提出某事；自愿去；V自愿从事
for good,"na. 永久地
"
cater to,"v. 迎合
"
a piece of cake,"na. 轻而易举的事
"
get rid of,"na. 除掉；摆脱；撵走
"
on average, 平均；平均起来；通常
other than,"na. 与…不同；除了
"
escape from,"v. 逃脱
"
bring back,"na. 送回；使恢复；使回忆起
"
fall short,"na. “come short”的变体
"
thirst for,"v. 非常想望
"
to the effect that, 大意是；大意是说；主要内容是
take measures,"na. 测定
"
offer to,"vt.向...提供,向...提交"
in the wake of,"na. 在…后接踵而来；在后追随
"
cast doubt on,"un. 令人对…置信不疑；令人不疑
"
leave sb. in the dark, 留在黑暗中
hand out,"na. 分；拿出来；施舍
"
not ... until, 直到……才；引导的句子要倒装；引起倒装
die of,"na. 因…而死
"
press forward,"v. 向前推进
"
live with,"v. 和…住在一起；和…同居；和…妥协；容忍
"
owing to,"conj. 由于；因为
prep. 因为；由于
"
be meant to, 有意要；应该是；打算
in so far as,"na. 到…的程度；只要；(表示程度,范围)就…
"
be generous to,无
be popular with,"na. 受…欢迎
"
emerge from,"v. 从…里露出
"
look into,"na. 窥视；调查；过问
"
pay for,"na. 付开销；赔偿(损失)；(为某种过失)付出代价；吃亏
"
keep an eye on,"v. 密切注意
"
to say the least,"na. 至少可以这样说
"
come across,"na. 尽(义务)；发现；碰见；(穿过…)来到
"
at the start of, 在…开始的时候；在……的开始；在---的开端
want to,"na. 应该
"
known as, 被称为；被认为是；以…而闻名
be known as,"na. 通称
"
in some cases,"na. 有时候
"
pile into,"v. 蜂拥而入
"
stand out,"na. 突出；显著；不参加战争；抵抗到底
"
at the beginning of,"un. 前奏；处于…的开端；起初
"
send out,"na. “send forth”的变体
"
reflect on,"v. 考虑；回想
"
a lot of,"det. 许多
"
boot up,"un. 启动；自举；引导；使系统开始工作
"
in the manner of,"na. 照…的式样
"
pose sth. to,无
enter into,"na. 入；动手；参加；缔结(协约等)
"
a list of, 一列；一张……的清单；一栏
at the brink of, 濒临……边缘
apply for,"v. 寻求；申请
"
with ease,"na. 轻易地；容易
"
on the charge of,"na. 因…的嫌疑
"
be inferior to, 劣于；不如；低于
for the benefit of,"na. 为…(利益)打算；〔反意语〕为惩戒…
"
all in all,"na. 全部；完全；第一
"
in the absence of,"na. 无…时
"
take hold,"un. 抓住
"
regardless of,"prep. 不管；不顾；不理会
"
eat up,"na. 吃完；消耗；沉迷于；很快走完(距离)
"
ban ... from, 禁止；禁止做某事；禁止例句
by all accounts,"na. 据大家所说；“by/from all accounts”的变体
"
learn from,"v. 学习
"
solution to, 的解决办法；解决方法；的解决方法
in need, 在危难中；需要帮助的；在困难时
dedicate to,"v. 献给
"
on campus,"na. 在校内
"
mess up,"na. 搞砸；弄糟；弄脏；弄乱
"
tempt sb. into sth.,"vt.引诱,勾引"
tempt sb. into doing sth.,无
would rather,"na. 宁愿
"
work at,"na. 从事；用功读
"
work on,"na. 对…有效[有作用]；动(人,感情等)；向…做工作；左右
"
make progress,"na. 前进；进展
"
differ from,"na. 和…不一致；和…意见不同
"
put up with,"na. 忍住
"
hundreds of,"na. 好几百
"
look to,"na. 依赖；注意；照料；〈美〉倾向…
"
in the future,"adv. 今后
"
on account of,"na. 因为
"
do with,"na. 对付；忍耐；与…相处
"
in the way of,"na. 妨碍；在…方面；使能于
"
be going to,"v. 将
"
be busy doing,"na. 忙着干(某事)
"
an array of,"na. 一排(伞)
"
in place of,"na. 代替
"
go along with,"na. 陪[随]…一起去；赞同
"
refrain from,"na. 戒(烟)
"
look out of, 向外看；朝外看；从……朝外看
in one way,"na. 在某一点上
"
research into,"v. 研究
"
to the letter,"na. 严格按照字句；详细知道；了如指掌
"
take a page from,无
for the long term,无
ask for,"na. 要(价)；来找
"
in conclusion,"na. 最后
"
adjust to,"v. 适应
"
be able to,"v. 能够
"
at the very least,"na. 一点
"
as soon as,"na. 一…就；见 soon 条
"
bound for,"adj. 驶往…的
"
in the case of,"na. 论到
"
give up,"na. 放弃；断绝；投降；自首
"
go off,"na. 进行得 (well； badly)；(话等)冒出
"
write off,"na. 注销(债款等)；报废；提笔就写(文章等)；减低资产账面额
"
embed ... in, 嵌入；使嵌入；嵌入到
faint praise,无
compare to,"un. 核对记录；商量了一番；比较；和…相仿
"
something wrong with,"prep. …有毛病
"
grow up,"na. 长大
"
set up,"na. 建立；创立；发起；开办
"
slow down,"na. 闲下来；减缓；放慢速度；减速
"
be different from,"na. 和…不同
"
prevent ... from, 防止；阻止；预防
by no means,"na. 决不；并没有
"
think about,"un. 思考；探讨；为…费心思；想像
"
relieve ... of,"v. 解除
"
take advantage of,"na. 乘；利用；欺骗；引诱(女人)
"
scrape through,"na. 好容易完成；(考试)勉强及格；勉强对付过去；勉强通过
"
buy into,"na. (出钱)做股东[会员]
"
pay a price for,无
billions of, 数以亿计的；亿万；数十亿的
millions of,"det. 数百万
"
beside the point,"na. 达到目的；说服别人
"
at once,"na. 立刻；同时
"
persuade sb. to do sth.,无
a growing number of,无
knock out,"na. 敲出；敲空；使屈服；使无用
"
be comparable to, 比得上；和…相当；犹如
contrary to,"na. 跟…相反[相违背]
"
link A to B,无
protect ... from, 保护；保护……免受；不受…之害
plunge into,"v. 投入；跳进
"
immune to, 不受影响的；不受影响；有免疫力的
be immune to,"对...有免疫力, 可避免..., 不受...的影响"
be worse off,"na. 经济情况更不好；情况恶化；更加贫困
"
sign up,"na. 同“sign”
"
sign up for, 报名参加；学生会报名；注册，选课
cooperate with,"un. 协作；合作
"
do away with,"na. 废除；干掉
"
fall asleep,"na. 入睡
"
make ends meet, 使收支相抵；量入为出；收支平衡
in all,"na. 总计
"
be capable of,"v. 能够承担
"
meet with,"na. 碰见；遭遇；偶然发现；达到
"
at odds with,"adj. 相抗争于
"
tell about, 讲述；谈及；讲述有关
be in a rut,"过着/开始过枯燥僵化的生活, 开始墨守成规"
be struck in a rut,无
spend on, 花费；把…花在；在……方面花费
at risk,"un. 担风险
"
at a ... speed,无
allow ... to, 允许；允许某人做某事；容许
mislead ... into doing,无
care about,"v. 在意
"
urge ... to,"un. 力请；力劝；敦促:
"
look around,"na. 看起来好像；环视
"
commit to,"un. 移交
"
at the time, 当时；在那时；在那个时候
trade with sb.,"un. 从事贸易；与…做生意:
"
agree to,"na. 承认(提议；条件)
"
move forward,"na. 前进
"
be filled with, 充满；装满；充满着
deliver ... to,"v. 递交
"
catch up,"na. 与…并驾齐驱 (to with)；扰乱(说话人)
"
catch up with sb.,"v. 赶上
"
for a while,"adv. 片刻
"
no doubt,"na. 无疑地；〈口〉很可能
"
a host of,"det. 很多
"
all the same,"na. 依然；“all/just the same”的变体
"
carry out,"na. 实行；开展；完成
"
trade up,"n. 卖次买好；以次换好的买卖
"
in respect of,"na. 关于
"
be to do sth., 将要做；打算做；准备做
the other day,"na. 上回
"
close off,"na. 结(账)；隔离；封锁；阻塞
"
pay out,"na. 还(债)；放出(绳子)；痛加责罚；〈美〉赚到钱
"
be exposed to, 暴露于；面临；暴露在
pass down,"un. 过；一闪即逝；下达
"
impinge on,"v. 影响到；冲击；打击
"
impinge upon,"v. 影响到；冲击；打击
"
talk to,"na. 向…谈；〔口语〕申斥
"
as for,"na. 至于
"
have the last word,"un. 和…聊聊；最后拿主意
"
happen to,"v. 发生于
"
shut out,"na. 不让进来；遮得看不见；【棒球】不让得分
"
hold true for, 适用于；同样适用于
move sb. toward, 朝……移动；朝某一方向；向……移动
in the course of,"na. 在…之中
"
on the basis of ...,"na. 以…为基础
"
make profits of,无
disagree with sb.,"v. 不同意
"
trifle with,"un. 玩弄；心不在焉地做；摆弄:；戏弄:
"
be good at,"v. 善于
"
in time,"na. 经过一段时间以后；早晚；在恰好的时候；和…合拍
"
pick up,"v. 拾起；探出；重新开始
"
in despair,"na. 绝望地
"
look on the bright side, 看光明的一面；你得看到事情好的一面；看到事物光明的一面
around the corner,"na. (= 〔英国〕 round the corner)在拐角那里
"
end up,"na. 结束；完事；[俚]死；直立着
"
in turn,"na. 挨次
"
fight against,"v. 反对
"
lie with,"na. 和…发生性关系；(责任,义务,决定权等)在于…
"
lag behind,"na. 落后
"
make an apology, 道歉；我会马上道歉；一方面道歉
get through,"na. 花光；了结；(使)通过(议案)；及格
"
so far,"na. 就是那么些；到现在为止；到目前(此地)为止；就此范围来说
"
throw off,"na. 摆脱(习惯,拘束等)；抛弃；脱掉(衣服)；甩掉
"
at all times,"na. 不论什么时候；老是；时时
"
on the contrary,"na. 反之
"
with regard to,"na. 关于；对于；为了答复；“in/with regard to”的变体
"
in regard to,"na. “in regard of”的变体
"
come from,"v. 来自；出身；归因于
"
in the making,"na. 酝酿中的；未完成的
"
some of,adj.有些..
to be sure,"un. 当然；无疑
"
as a result of,"na. (作)为…的结果
"
by way of,"na. 当做；作出…的样子；经由；以便
"
a pile of,"na. 一大堆(书籍)
"
piles of, 一大堆；成堆的；一大批
be puzzled by,无
have effect on,对…有影响
in a sense,"na. 在某种意义上；有一点儿
"
waste time doing sth.,无
in some ways, 在某些方面；在某种程度上；在一些方面
first and foremost,"na. 首先
"
have a break,"v. 休息一下
"
come up with,"na. 想出(一个主意或计划)；提出；提供；筹措
"
give in,"na. 让步；屈服；投降；上交
"
all at once,"na. 忽然；突然
"
set aside,"na. 搁置；拨出；驳回
"
a waste of,"det. 浪费
"
define as,把…解释为；定(某词、短语等)的意义为，下定义为
as usual,"adv. 照常；照例
"
in effect,"na. 实际上；总之；有效
"
be busy with,"v. 忙于
"
intrude on, 侵犯；间接地侵犯；干涉
end up with,"na. 以…而告终
"
originate from,"v. 起源于；发源于
"
be responsible for,"v. 负责；担负
"
look out,"na. 挑选；注意；看外头；展望 (on；over)
"
silver lining,"na. (失望或不幸中的)一线希望[一点慰藉]
"
a range of,"det. 一大片；一排
"
be harmful to, 对…有害；对…有危害；对……是有害的
all the time,"na. 始终；〔美国〕老是
"
all day long,"na. “all day”的变体
"
a large number of,"adj. 极多；许多
"
be used to do,无
stick to,"na. 忠于
"
far off,"adj. 远方的；遥远的
"
at the bottom,"na. 实际上；本质上
"
part and parcel of ...,"na. 重要[基本]部分；(…的)重要部分
"
be famous for,"v. 因…出名
"
discourage ... from doing sth.,无
new vision, 新视界；新视觉；新视野
so ... that,"所以,因而"
miss the point,"na. 抓不着要点；不得要领；不懂(俏皮话等的)妙处
"
without permission,"na. 未经许可
"
in terms of,"na. 依…；从…方面；用…特有的字眼
"
marvel at,"v. 对…感到惊异
"
stay away from,"un. 退避三舍；回避；不要到…去；停止和…交往
"
in fact,"na. 事实上；总之
"
at bottom,"na. 实际上；本质上
"
hold onto,"na. 盘据
"
communicate with,"v. 联络
"
be amazed at,"na. 对…大为惊异
"
with time,"na. 随着时间的经过
"
enable ... to,无
face up to,"na. 大胆面向；正面对付；同“face”
"
seek to, 试图；设法；力图
at a rate,"prep.按...的比率,以...的速度"
scoop up,"v. 舀出
"
because of,"na. 因
"
look forward to,"na. 盼望
"
in print,"na. 已出版的；(书等)在出售中的；(书等)尚有供应的
"
in the past,"na. 在过去
"
attend to,"na. 照料(工作)
"
at any rate,"na. 无论如何；至少；总而言之
"
shut down,"na. 关闭；关拢(窗等)；停业；禁止
"
consist of,"v. 由…合成
"
interact with,"v. 与…相互作用
"
return to,"v. 回到；返回；还给；降到
"
mend one's ways,"na. 改正(不良)行为
"
approach to,"v. 接近；近似于
"
accuse of,"un. 控告
"
in practice,"na. 事实上；在实践中；在不断练习中；练习充足
"
exempt from,"v. 使…免除
"
lock away,"na. 锁起来
"
check on,"na. 检查
"
in theory, 理论上；从理论上看；在理论上
make a difference,"na. 发生差别；使…有差别；(结果等)是重要的
"
be limited to, 限于；局限于；限制在
rule out,"na. 排除
"
make sure,"na. 尽力做到；深信；务必；务请
"
strive for,"v. 争取；奋发图强；收下
"
go about,"na. 走来走去；着手(工作)；(谣言等)流传；【航】掉转船头
"
thin out,"na. 间(苗)；(听众)减少；变薄
"
on behalf of sb.,"na. 替；为…的利益
"
be key to, 是某事的关键
run counter to,"na. 违反
"
help do, 帮助做某事；帮助干某事；帮忙做
help to do, 帮助做某事；帮忙做某事；有助于做某事
now that,"na. 由于
"
major in,"v. 主修
"
exert influence on, 施加影响；对…施加影响；感化
separate from,"把...和...分开, 把...和...区分开, 使...从...离析"
on a scale of,"按……的等级
按……比例尺"
answer to,"na. 回答；符合
"
drop out,"na. 退出；(因不满传统制度而)退出正常社会；落出；隐退
"
be considered as,"v. 被认为是
"
not any more,"adv. 不再
"
take responsibility for, 对…负责；负责；负起对…的责任
range from ... to ..., 范围从到；从……到……的范围；在……中变化
in the workplace,无
in an effort to, 为了；为了完成；努力
in consequence,"na. 因此
"
derive from,"v. 来自；起源于
"
try out,"na. (采用前)严密试验；筛矿；量(金属的)纯度
"
to a certain degree,"na. 在某种程度上；到某种程度；相当
"
to a certain extent,"na. “to a certain degree”的变体
"
believe in,"v. 相信
"
get back to,"un. 报复；回到
"
convince ... of,"na. 使(人)承认
"
prohibit ... from doing sth., 禁止某人做某事；禁止做
a sequence of, 一系列的；一连串；一个…的序列
anything but,"na. 决不是；除…外什么都
"
in an instant,"na. 立刻
"
guilty of, 有……罪的；犯罪；有罪
speak of,"na. 讲起；特别推荐说
"
stress the importance of,无
regard ... as,"v. 当作
"
fill up,"na. 同“fill”
"
figure out,"na. 估计；解决；了解；〈口〉确定
"
hunt for,"na. 追猎；搜寻
"
in general,"na. 一般；大体上
"
stay up,"na. 不去睡觉；不沉
"
crop up,"v. 突然发生；出现
"
cover up,"na. 包庇(某人)；为某人打掩护；蒙盖；隐蔽
"
involve in,"v. 卷入
"
care for,"v. 照顾；关心；喜欢
"
ward off,"v. 挡开；架开
"
refer to,"v. 查阅；提到
"
a succession of,"det. 一连串的
"
no longer,"na. 不再
"
race against,"na. 和…赛跑
"
race with, 同…比赛
to a great extent,"na. 大部分
"
out of fashion,"adj. 过时
"
worth doing sth., 值得做的；值得一做的；值得去做某事
in decline,"un. 一落千丈；走向衰落
"
judge from,"v. 以…来判断
"
in public,"na. 公然
"
cut out,"na. 割掉；除去；剪下；开辟
"
discriminate against,"na. 歧视
"
put in place,"n. 安装
"
have a bone to pick with ..., 有账要算；对……不满；与…争辩
pull off,"na. 赢得；做成某事；(在路边)停车；〈非正式〉【计】下载
"
sweep through,"un. 让(某人)倾心；飞越
"
go forth,"na. 出发；发布；发表
"
intend to,"打算(做)..., 想要(做)..."
tend to,"v. 倾向于；有助于
"
be likely to, 可能；很可能；很有可能
attach importance to sth.,"na. 重视；把重点放在
"
attach significance to sth.,无
stem from,"v. 出于；基于
"
introduction to ..., 介绍；入门；引言
be rooted in, 扎根于；植根于；根源在于
belong to,"v. 属于；附属
"
due to,"un. 由于；预定；因为；亏
"
immune from,无
prior to,"adj. 前于
"
short of,"na. 缺少；达不到；除了；只要不是
"
be supposed to do sth.,"na. …(在职务上)要；〈口〉不许
"
ought to,"modalv. 应该；应当；（表示期望或可能发生的事）应该；（表示劝告或建议）应该
v. 应该
"
conform to,"na. 遵照；顺应；遵守
"
center around,"un. 围绕
"
center on,"un. 围绕
"
center upon,vt.以...为主题
play a role in,"v. 起作用于
"
recall doing sth.,无
be desperate for,"na. 极想(喝一杯茶)
"
stare at,"na. 瞪着看
"
turn the corner,"na. 转弯；度过危机；情形好转；拐过街角
"
in due course,"na. 及时；顺次；及时地；到一定时候
"
base on,"v. 根据
"
at least,"na. 至少
"
carry on,"adj. (飞机乘客的行李)可随身携带的
n. (飞机乘客的)随身行李
"
linger on,"na. 同“linger ”
"
set in,"na. 固定；停当；涨潮；进来
"
log in,"na. 进入电脑工作系统；“log on”的变体
"
log on,"un. 注册
"
in vain,"na. 无益地；轻慢地
"
mix up,"na. 调匀；混淆；使结交坏朋友；【拳击】猛烈互击
"
in return,"na. 作报复[报酬,回答,报答]；作替换
"
in contrast,"adv. 相反
"
by contrast,"un. 相比之下；作对比；与此相反
"
with caution,"na. 留心
"
with delight,"na. 欣然
"
according to,"prep. 根据；按照；据（…所说）；按（…所报道）
"
fail to,"v. 未能；使…失望
"
refuse to,"v. 拒绝
"
be accustomed to,"na. 惯于(苦干,早起)
"
threaten to,无
complain about,"v. 埋怨
"
compare with,"na. 和…比较[对照]
"
depend on,"v. 依靠
"
infer from,"v. 推断
"
be to blame,"na. 该负责
"
lose interest in,"v. 对…丧失信心
"
associate with,"v. 与…联系
"
have influence upon,vt.对...有影响
have influence on, 对某物施加影响；对……产生影响；有影响
have effect upon,无
have effect on,对…有影响
be related to,"na. 和…有(亲戚)关系
"
be reliant on,"信赖,依靠"
take ... into consideration,"v. 顾及
"
be faced with,"v. 面临
"
begin to do sth., 开始；开始做某事；开始去做某事
plan to do sth., 计划做某事；打算做；计划干某事
be available to,"v. 可以用来
"
seem to,"v. 似乎
"
impose on,"v. 强迫；欺骗
"
introduce ... to ..., 介绍；介绍给；向……介绍
contribute to,"na. 捐助；给…投稿；捐(款)给；投寄(一篇论文)给(某杂志)
"
set an example for, 为……树立榜样；为某人树立榜样；为……建立表率
sense of responsibility, 责任感；责任心；责任意识
take a toll on, 给···造成伤害；损害；对……造成影响
make improvement,无
on the road to,"un. 在旅途中；要；在…过程中
"
admit ... to,"v. 承认
"
admit ... into,"v. 进入
"
suggestion on,无
be prepared for,"na. 准备着
"
get prepared for,无
at the end of,"na. 在…末端；在…的结尾
"
by this means, 通过这种方式；用这种方法；用这种方式
be angry at,"na. 因…而发怒
"
be fatal to, 致命的；对…危害极大
bring in,"na. 生产；生(利)；收获(农作物等)；挣得(报酬等)
"
distract one's attention,无
interfere in,"v. 干涉
"
be distinct from,"v. 与…有差别
"
a sort of,"na. 一种；可以说是…的东西
"
at first glance,"adv. 初看起来
"
deprive ... of,"un. 剥夺
"
make compromises,妥协
live off,"na. 住在…之外；以…为生
"
be skeptical of,无
become skeptical of,无
be skeptical about,无
become skeptical about,无
gain control over,无
get control over,vt.控制
have control over,"un. 掌握；控制
"
in store,"na. 准备着
"
come in,"na. 进入；当选；上台；(党派)组阁
"
between jobs, 失业；待业中；工作之间
pass through,"na. 穿过；经历；经验；遭受
"
on the rise,"na. 在涨；在增加；好转
"
be located in, 位于；坐落于；坐落在
in no time,"na. 立刻
"
conclude from, 相信某事物；从··推断出；从···中得出结论
move away, 离开; 搬到别处去住; 改变（见解）; 挪开
live by,"na. 靠…为生；住在…附近
"
encounter with,偶然遇见，偶然碰到(朋友等)；遭逢(敌人等)；遭遇(危险等)；与…冲突
cut corners,"na. 走捷径
"
for free, 免费地；免费的；为了免费
fair play,"n. 按规则比赛；公平办事
"
meet one's need,满足某人的需要
get in,"na. 进入；收(庄稼)；收集(税收,捐款等)；插入
"
get ahead,"na. 获得成功；前进
"
in any case,"na. 无论如何；横竖
"
bring ... under control,"un. 控制不了；制服
"
get ... under control,vt.控制住
in agreement with,"na. 符合…照…
"
wear away,"v. 消逝；磨损
"
by means of,"na. 以
"
be resistant to, 抵抗的；抗拒；有抵抗力的
in light of,"na. 按照；根据；鉴于
"
cut back,"na. 缩减；修剪(树枝等)；回叙往事
"
in a manner,"na. 在某种意义上；多少
"
take pains,"na. 费苦心；尽力
"
put a premium on,"na. 诱发；助长；鼓励；奖励
"
place a premium on,"na. 诱发；助长；鼓励；奖励
"
set a premium on,无
add to,"na. 增加
"
on loan,"na. 出借
"
on loan from,无
push aside,"v. 推开
"
take apart,"na. 分解；拆分；剖析
"
at best,"na. 充其量也不过
"
sit up,"na. 【体】仰卧起坐
"
bad debt,"n. 坏账；呆账；倒账
"
resign from,"v. 辞职
"
detach from,"v. 分离自
"
cut across,"na. 对直穿过；同“cut”
"
speak for,"na. 代表…讲话；订购；要求得到
"
elite school, 名校；各大名校；精英学校
be liable to,"该受(罚), 应遵守..., 有...的倾向, 易于..."
break away,"v. 逃脱；突然离开；突然离去；挣脱
"
break away from,"v. 脱离；离开；断绝与…的关系
"
let ... in,"na. 放入；嵌入；陷入…；〈俚〉欺骗
"
at the thought of,"na. 一想到
"
be wrapped up in,"na. 包在…里；埋头在；和…发生密切关联[牵连在一起]
"
box office,"n. 票房；售票处
"
be crucial to, 对……至关重要；决定性的；重要的
stick up for,"na. 支持；维护；为…辩护
"
by mistake,"na. 因错误
"
not have a leg to stand on, （论点等）站不住脚， 对行为无合理的解释等
fall behind,"na. 落后；跟不上；落下；拖欠
"
take care,"v. 当心；留心
"
for ever,"adv. 永远地；永恒地；〈非正式〉无休止地；永无止境地
n. 永恒；相当长的时间
"
so as to,"na. (= in order to) 以便；为使
"
fall apart,"na. 土崩瓦解
"
put forward,"na. 提出(计划,意见等)；建议；促进；推举(候补人等)
"
sit on,"na. 压制；〔口语〕责备；审理(案件等)；调查
"
in the world,"na. 在世界上；究竟
"
as regards sb.,"na. 至于；提到
"
as regards sth.,"na. 至于；提到
"
step up,"v. 加紧；走上前；登上；增加
"
for sure,"adv. 确实
"
in case,"na. 以防万一；作为准备；如果；免得〔用作连词〕
"
just in case,"na. 以防万一；作为准备
"
date back to,"na. 回溯至
"
put forth,"na. [send out 或 throw out] a feeler (用言语或动作)探听别人的反应
"
tie down,"v. 束缚
"
on thin ice, 如履薄冰；履於薄冰；步履薄冰
be stuck in, 陷入；陷进；陷于
be fascinated with,无
switch off,"na. 不收听(某一广播)
"
spell out,"na. 详细说明；【印】正式拼写
"
virtual currency, 虚拟货币；虚拟货币发行；虚拟流通
move up,"na. 提上
"
tear apart,"v. 弄乱；撕破
"
be soft on,"爱上
钟情于
对......温柔"
back down,"na. 打退堂鼓；放弃权利等
"
keep up,"na. 支持；保持；继续；停歇
"
in the eyes of,"na. 在…的心目中
"
fasten ... to,"un. 固着在
"
fasten ... onto,vt.固定在...上
set about sth.,"na. 动手；开始；下手；着手
"
set about doing sth., 着手做某事；开始做；着手干
reach a consensus, 达成共识；意见达成一致
shift from ... to ...,无
fail at,无
a version of,无
sit out,"na. “sit through”的变体
"
sit through,"v. 耐心听完
"
work up,"na. 刺激；煽动；刻苦完成；展开(故事的情节)
"
less than,"adj. 少于
"
in the small hours, 凌晨，天快要亮的时候；在凌晨；午夜时分
sooner or later,"na. 迟早；早晚
"
more or less,"na. 有几分；约；或多或少；一点也…
"
what is more,"na. 加之
"
have faith in,"na. 相信
"
at the cost of,"na. 以…为牺牲
"
vote for,"na. 赞成；〈口〉建议
"
by hand,"na. 用手的；用手递交的；(婴儿)用牛奶抚养的
"
take effect,"na. 有效验；生效
"
be liable for, 对…应负责任的；对…负责；有责任
bed down,"v. 使…安睡；下陷；卧睡
"
snatch at,"v. 抓住
"
pour into, 不断地[大量地]流进[涌进]; 注入; 灌注; 倾注
every so often,"na. 不时
"
cut up,"na. 割裂；弄伤；歼灭(敌军)；使心痛
"
scream at,朝…大叫大嚷; 责备
start over, 重新开始；重新来过；从头开始
stick by,"na. 忠于；留在记忆里
"
strive to,"v. 争取；努力
"
come off,"na. 同“come across”；(人)走了；(扣子,齿,发)脱落
"
make a complaint, 抱怨；投诉；提出投诉
talk over,"na. 商谈；说服
"
fill in,"na. 填充；填写；同“fill”
"
fill out,"na. 填写(表格等)；变胖；长胖；胖起来
"
take away,"adj. 买回去的
"
be tolerant of,"na. 对…能容忍
"
straight away,"adv. 马上
"
not in the least,"na. 一点也不
"
rush through,"v. 匆匆完成
"
come down to,"v. 降至；归结起来；变为；归结为
"
out of condition,"adj. 情况不佳
"
package deal,"un. 〔经〕一揽子交易
"
suitable for,"adj. 适合于N
"
suitable to,prep.适于...的
keep one's eyes open,"na. 时刻提防；留神监视
"
keep one's ears open,"un. 私下；竖起耳朵听听
"
prejudice against, 偏重；对……的偏见；对……偏见
root cause, 根本原因；根源；问题根源
dress up,"na. 乔装；装扮；为…打扮；盛装打扮
"
as far as sb. be concerned,"就…来说, 就…而论"
pay back,"na. 偿还；报答；向…报复；付还
"
bond with sb.,无
hand in,"na. 交进
"
come under,"na. 归入…类[项目]；被…支配
"
drive away,"v. 赶走
"
buy up,"na. 囤积；整批收购；购进(其他公司)
"
be in the grip of sth.,"na. 被…支配
"
stop over,"na. 中途下车；暂留；住在海外；同“stop off”
"
stop over at,v. 中途在…停留
stop over in,无
for the time being,"na. 暂时；一时；临时；在目前
"
feel like sth.,"na. 〈口〉想要…；愿意…；感觉像是…
"
feel like doing sth., 想要做某事；觉得想做；想干某事
have an advantage over,"na. 胜过
"
go out,"na. 出去；灭；辞职；下台
"
time after time,"na. 常常；反复
"
attuned to, 协调
behind the scenes,"na. 知道内幕；秘密地
"
in memory of,"na. 纪念…
"
take cover,"na. 躲避；利用[凭]掩护物；隐蔽
"
in search of,"na. 寻找；去找；追求；为了寻求
"
tear into,"na. 跑进
"
around the world,"un. 环球
"
sit back,"na. 松劲休息；不活动
"
take after,"na. 尾随；仿效；像
"
do justice to,"na. 公平评判；公平对待；逼真；大吃
"
distinguish ... from, 区别；区分；识别，辨别，辨认
wish for,"v. 希望；想要
"
walk up,"na. 使猎犬将(鸟等)惊飞
"
wash up,"na. 饭后洗碗；洗脸；将…冲上岸；(出人意料地)出现
"
no other than,"na. 就是；只有
"
on record, 记录在案的；记录在案；记录下来的
cut down,"na. 砍倒；削减；减价；夺去…活动力
"
go up,"na. 上升；上城市去；腾贵；烧起来
"
win over,"na. 争取过来
"
go into,"na. 进入；(门等)通着；加入；参与
"
count for ...,"un. 倒数；算作
"
take steps to do sth., 着手落实；采取措施做某事；采取步骤做某事
spring up,"na. 跳上来；发生；萌芽；出现
"
abide by,"na. 坚持；服从
"
couple ... with ...,"v. 连接；结合
"
in quest of,"na. 为求…
"
seek out,"na. 找出；寻求；想获得
"
search through, 把……仔细搜寻一遍；查找；翻遍
tell the truth,"na. 说实话
"
waste away,"na. 消瘦
"
the advent of,(重要人物或事件)…的出现(或到来)
benefit from,"v. 从…得到好处
"
warn of,"na. 警告(某人)有危险
"
at the height of, 在……顶点；在的高峰；在…最鼎盛时期
fall for,"v. 爱慕(某人)；赞赏(某事)；上当；受骗
"
a series of,"na. 一系列；许多
"
above all,"na. 最主要的；最重要的是
"
eminent scholar,n.著名学者
train of thought,"un. 思路
"
agree on,"na. 对…意见一致
"
enroll in,"v. 登记
"
watch out,"na. 当心；留神；小心；提防
"
watch out for,"v. 期待；等待
"
engage in,"na. 从事；参加
"
exchange for,"un. 以…换:
"
on impulse, 一时冲动；一时心血来潮；冲动的
for the most part,"na. 在极大程度上；就绝大部分而言；多半；基本上
"
a majority of, 大部分；大多数；大多数的
the majority of,"adj. 大多数
"
in order to,"na. 为了；从而；以便
"
stand by,"na. 袖手旁观；站在旁边；待机；等待
"
switch on,"v. 打开；接通；参见
"
by far,"na. (修饰比较级,最高级,表示数量,程度等)…得多；尤其；更
"
point of view,"n. 观点；态度；意见；看法
"
superior to,"adj. 胜过；优于
"
on the surface,"na. 表面上
"
draw out,"na. 抽出；拔出；掏出；提出
"
the bulk of,"adj. 大多数；大部分
"
exclude ... from, 把…排斥于…之外；把……排除在外；同上但是使用档案
set a threshold for,无
designate ... as ...,把…称为；指定，定为；选派；任命；指定
real estate,"n. 房地产；不动产；房产
"
at the mercy of,"na. 完全受…支配
"
to the core,"na. 到心
"
take part in,"na. 参加；贡献
"
be aware of,"na. 知道
"
burn out,"na. 烧起来；烧光；烧尽；烧断
"
back and forth,"na. 来回地
"
get the best of,"na. 获胜；胜过
"
in conflict, 有矛盾；不一致；发生冲突
confine ... to ...,"v. 限于
"
specialize in,"v. 专攻；专门研究
"
count on,"na. 指望；预料到；期望
"
the same as,"adj. 与…同样
"
come to,"na. 总计为；结果是；苏醒；把船朝着风头
"
over time,"conj. 随着时间的过去
"
fierce competition, 激烈竞争；激烈的竞争；竞争激烈
show up,"na. 显眼；揭发；嘲笑；露面
"
restore one's bearings,无
suffer from, 患（某种病），受（某种病痛）折磨; 因…而受罚[苦，损]; 闹; 罹
come in handy,"na. 迟早有用
"
make money,"na. 赚钱；发财
"
call forth,"na. 唤起
"
there and then,"na. “then and there”的变体
"
on the whole,"na. 整体上说
"
for one thing,"na. 第一〔表示列举〕；原因之一是
"
start with,"v. 以…开始
"
be characterized by,"na. 有…的(显著)特点
"
adhere to,"v. 坚持；依附
"
cut off,"na. 削除；截止；截断(退路等)；割下来
"
a variety of,"det. 种种；形形色色
"
get ready, 准备好；预备；做好准备
flesh out,"na. 充实；使…具体化
"
far from,"na. 远离；决不
"
as often as,"adv. 每次；每当
"
embark on,"un. 着手
"
embark upon,"un. 登
"
at the expense of,"na. 以…为代价；由…出钱；牺牲…
"
in action, 在行动中；在起作用；行动中的
close to,"na. 接近于；在附近
"
lead up to,"na. 渐渐诱入；【牌戏】设法引出
"
together with,"na. 和…一起[合起来]
"
call for,"na. 呼吁；主张；需要；接(某人)
"
stay with, 和……呆在一起；与…呆在一起；同…住在一起
that is,"na. 即；用于纠正之前说过的内容
"
that is to say,"na. “that is”的变体
"
take into account,"na. 考虑
"
take ... into account,"na. 考虑
"
in the short term, 从短期来说；短期内；从眼前的观点看
throw into,"na. 使投身于
"
all but,"na. 几乎跟…一样
"
earn one's living, 谋生；营生；挣钱维持生计
treat to, 款待；招待；请客
beyond dispute,"na. 无争论余地；的确；无疑
"
slip in,"un. 溜下；不声不响地走进去；出差错
"
saturate ... with, 使充满；使饱和；使大量吸收或充满某物
cope with,"v. 对付；应付
"
crack down,"na. 敏捷地做；拼命做
"
crack down on,"na. 对…进行制裁
"
live in,"na. 住进；(雇员)住在东家
"
stay put,"na. 安装牢固
"
be fond of,"v. 爱好
"
to be fair,"na. 说良心话
"
even if,"na. 即使…也
"
even though,"na. “even if”的变体
"
go through,"na. 认真检查；仔细地搜；(提案或法案)通过；被批准
"
do without,"na. 无需
"
come about,"na. 发生；(风等)变向；【航海】抢风调向
"
comment on,"v. 评论
"
a number of,"na. 若干；〔口语〕=numbers of 许多的
"
by nature,"na. 生就；从本性上说
"
bring out,"na. 公布；说出；出版；上演
"
make no difference,"un. 在意；没关系；没有差别；无动于衷
"
to say nothing of,"conj. 更不用说
"
obstacle to, 纪念碑；障碍；的障碍
at length,"na. 最后；充分地
"
apart from,"prep. 除了…外（都）；要不是；除了…外（还）；此外
"
more often than not,"na. 通常
"
in particular,"na. 特别；一一
"
nothing but,"na. 不外；〔美国〕〔加强语气〕的确
"
appeal to,"v. 求助于；引起N
"
on paper,"na. 纸上；统计上；理论上
"
in relation to,"na. 关于…
"
with relation to,"na. 关于…
"
in spite of,"na. spite of 不管；〔古语〕无视
"
account for,"na. 证明；由于；说明(银钱等的)用途；打死
"
from the bottom up,"na. 从一开始；彻底地
"
from time to time,"na. 时时
"
put pen to paper,"na. 拿笔写；开始写
"
under ... conditions, 在……情况下；在此条件下；附加条件
get into,"na. 进入；穿上；成癖；陷于
"
over the years,"na. 长年累月
"
if only,"na. 只要；只要…就好了
"
agree with,"na. 适合；赞同；与…一致
"
boast of,"na. 夸耀
"
boast about,"na. 夸耀
"
enthusiasm for,"na. (运动)热
"
view ... as ...,"把...看作..., 认为...是..."
at random,"na. 碰运气地；无目标地
"
in a row,"na. 成一排；连续
"
write down,"na. 记下来；贬低；减低账面价值；把…拨作公积金
"
historical prejudice,无
slacken off,"un. 松劲
"
follow through,"v. 坚持到底
"
thanks to,"v. 感谢；幸亏；多亏
"
be tied to,"v. 被束缚着
"
in combination with,"na. 和…共同[结合,协同,协力,共谋]
"
arouse controversy,无
with respect to,"na. 〈正式〉考虑到
"
occur to, 想到；被想起；被想到
in contact with,"prep. 和…联系
"
be forced to,"v. 被迫
"
combine with,"na. 和…结合；与…化合
"
extract ... from,"un. 榨出(汁等)；提取:；拔取；拔出
"
by and large,"na. 总的说来
"
formal education, 正规教育；正式教育；形式教育
be suited for,适合…
and so on,"na. “And so forth”的变体
"
and so forth,"na. 等等；云云；“and so on/forth”的变体
"
pay rise, 加薪；涨工资；增加工资
pay raise, 加薪；增加工资；调高薪资
be open to,"na. 易受；易接受；对…开着门
"
within reason,"un. 就情理上讲；合情合理
"
click on, 点击；用鼠标点击；单击
of course,"na. 当然
"
in the process of,"na. 在…的过程中
"
lie down,"v. 躺下；不反抗；屈服；顺从
"
decorate ... with ...,"v. 装饰以
"
take in,"na. 加以考虑；〔美国〕访问；收进；收容
"
arrive on the job,无
be equal to,"na. 等于；胜任；赶得上；忍耐得住
"
part with,"na. 跟…分别；解雇；卖掉(东西)
"
get out,"na. 摆脱；走出；〔命令语气〕出去!
"
side effect,"n. 副作用；意外结果；函数副作用
"
either ... or ...,"n. (自动控制)“异”；按位加；二者择一
adj. 二者择一的
"
on the side,"na. 顺便；作为副业；〔美口〕略略添上
"
drop by,"na. 随便访问一下
"
drop in,"(使)落进；(使)往里坍塌：
偶然(或顺便)走访(或访问)(on)；逐渐进入：
[口语](有选择地)加入；愿意(或决心)参加：
【戏剧】放下(吊幕)，吊装布景："
be proficient in,"v. 精通
"
be equivalent to,"na. 等于；相当于
"
to the point,"na. 露骨；中肯
"
straight up,"un. 真的
"
in business,"un. 没有必要；经商
"
dream up,"na. 凭空想出；凭空捏造出
"
be at a standstill,"un. 停下来；停止转动
"
touch on,"na. 说到
"
touch upon,"与...有关, 涉及..., 提到..., 提及, 谈及"
as to,"na. 〈正式〉至于；说到
"
lump together,"na. 总计
"
put up,提供；建造；举起；提高；推举，提名；供给…住宿；直接行动
bring together,"na. 集合
"
in keeping with,"na. 和…一致
"
burst into,"na. 闯进；突然…起来
"
no more than,"na. 不过是；仅仅
"
financial assistance, 财政资助；经济援助；经济资助
as well,"na. 也；同样
"
store away,"na. 把…贮藏起来
"
in common,"un. 和…有相通之处；公有
"
academic community,高等教育界;学术界;高等学校的全体师生员工
learn about,"v. 得知关于；学习关于
"
integrate into, 融入到……中去；成为一体，融入；使并入
integrate with,"v. 结合起来
"
conflict with,"v. 相抵触
"
take to,"na. 嗜好；开始；参加；逃入
"
as well as,"na. 和…一样；…不用说
"
at hand,"na. 在手边；即将到来
"
press for,"na. 催逼；(时间)迫促；(资金)短少
"
bear in mind,"na. 记住；铭记不忘；注意
"
keep in mind,"na. 记在心里；记住；注意
"
no matter how,"na. 不管怎样
"
no matter what,"na. 不管怎什么
"
no matter when,"na. 不管怎什么时候
"
be made of,"na. …制的
"
multiply by,"v. 乘
"
neither ... nor, 既不……也不；两者都不；均不
break down,"v. 分解；抛锚；分析；划分
"
in pursuit of,"na. 寻求
"
build up,"na. 同“build”；建立；复兴；【军】集结(部队)
"
gain profit,"un. 得利益
"
make profit,"un. 谋利
"
owe ... to,"v. 由于；把…归功于
"
decline in,在…方面逐渐衰弱(或败落)
as if,"na. 彷佛；活像
"
as though,"na. 好像；见 well 条
"
all over,"adj. 满
n. 全花织物
"
take ... as,"un. 剖析；视为
"
out of the way,"na. 向旁边；让开；迷失；误
"
act on,"na. “Act upon”的变体
"
stay out of,"v. 仍然没有
"
work through,"un. 急救；推敲；过…关；贯穿
"
soak up,"v. 吸取
"
charge sb. with,"na. 托付；使负…的罪名；使受…的责备
"
beef up, <口>加强，补充（人数、兵力）等; 使更大（更好、更有意思等）
access to, 接近；进入；通向…的入口
neglect of, 疏忽；对…的疏忽
out of date,"adj. 过时的；缺乏新信息的；陈腐的；失效的
"
a handful of,"det. 一把；一小撮；少数
"
economic crisis,"na. 经济危机
"
be married to sb.,"un. 给…证婚；嫁给…
"
at all costs,"na. 无论如何
"
serve as,"v. 用作；充当
"
know of,"v. 知道有
"
know about,"v. 知道
"
the more ... the more,越...越...
for the sake of,"adv. 为了…起见
"
subscribe to,"v. 同意；赞成；订阅；定期捐款
"
be preferable to,"v. 优于；胜过
"
a matter of,"na. 大约；…左右；…的问题
"
ever since,"na. 从…以来
"
be conscious of,"na. 意识到
"
have little use for,vt.不怎么需要
have no use for,"na. 不需要；〈非正式〉不喜欢；讨厌
"
transform ... into,"v. 转变成
"
give birth to, 生（孩子），生育; 引起，产生; 娩出; 娩
easy game, 爱是；容易捕获的猎物；易捕获的猎物
put down to, 归因于；说…因而起；归因为
come to light,"na. 显露
"
civil servant,"n. 公务员；政府官员
"
give off,"na. 发散(水蒸气等)
"
bear out,"na. 证明
"
on the net, 在网上；网上资讯；网络上
dispose of,"na. 安排；解决；办妥；杀掉
"
multitudes of, 众多
pave the way for,"na. 为…铺平道路；使…容易到来
"
take ... to heart,"v. 非常关心
"
stock up,"v. 重新得到；找回；储存；储藏
"
spare no effort, 不遗余力，尽力去做; 卖劲儿; 竭尽; 卖力
stick at,"v. 对…有顾虑；继续做
"
at will,"na. 任意；随意
"
at all events,"na. 无论怎样；总之
"
not so much ... as,"conj. 甚至不
"
wear out,"na. 精疲力尽；用坏；穿破；磨破
"
call on,"na. 号召；指名要(某人)去干(某事)；请求；访问
"
call upon,"na. “call on”的变体；同“call on ”
"
come around,"na. 赶上；达到；袭击
"
come round,"na. 苏醒；(生气的人)消除怒气；(病后)复原；(从某处)转来
"
make use of,"na. 使用
"
at sb.'s disposal,无
on the occasion of,"na. 在…的时候
"
be ready for,"v. 预备好
"
as a matter of fact,"na. 事实上；事实是
"
at the latest,"na. “at latest”的变体
"
start out,"na. 跳出；开始；〔俚语〕企图
"
life sentence,"n. 无期徒刑；终身监禁
"
in a form,无
on short notice,"na. 忽然；急忙；“at/on short notice”的变体
"
single out,"v. 挑选出；精选出
"
better off,"adj. 富有的；富裕的；境况良好
"
fight off, 在战斗[自卫]中击败（某人）; 竭力摆脱[驱走，阻止，回避…]; 辟
burst upon,"na. 突然出现；袭击
"
burst on,"na. 突然出现；袭击
"
stop by,"na. 顺便到(某处)访问；同“stop off”
"
no wonder, 难怪；怪不得；不足为奇
splash out, 挥霍；大肆挥霍；随意花钱
stand up for,"na. 拥护
"
take on oneself, 主动承担；把归咎自己；把归咎自己擅自
take upon oneself,"na. 负担；毅然
"
tidy away,"un. 把(某物)收藏起来:
"
for purpose of, 为了；为了什么原因；为…的目的
for the purpose of,"na. 为…
"
on sale,"na. 出售的；上市的；出售(的)；廉价出售(的)
"
wash out,"v. 洗掉
"
fit for,"v. 适合；对…恰当
"
fit to,"un. 调整到
"
night and day,"na. 日夜；不分昼夜
"
get going,"na. 采取行动；出去；使某人发怒
"
in comparison with,"na. 和…比起来
"
in competition with, 与…竞争；在与…竞争之中；与……比赛
sit in on,"un. 代替；旁听
"
slip up,"na. 滑一跤；〔美国〕弄错；失败
"
hold up,"v. 举起；支撑；耽误；抢劫
n. 抢劫；延误；堵车
"
take shape,"na. 成形；形成；具体化；有显著发展
"
at a loss,"na. 无办法；(猎犬)失去猎物嗅迹；亏本地
"
think out,"na. 想透；想出
"
think through,"na. 仔细考虑；全面考虑
"
turn a deaf ear,"un. 回心转意；置之不理
"
turn a deaf ear to,"na. 充耳不闻；装听不见[置若罔闻]
"
warm to, 爱好；同情；喜欢
on the hour,"na. 准时地；按整小时地
"
hand over,"v. 转交；递给；送交(警察或有关当局)处理；移交(权力等)
"
throw away,"na. 抛弃；浪费；拒绝(劝告)；失去(机会)
"
roll in,"na. (预约者,捐款等)滚滚而来；(浪)滚滚打来；大量进来；到达
"
win out,"na. 摆脱
"
win through,"na. 摆脱
"
be irrelevant to, 不切题；与…不相干；与…不相关
seem irrelevant to,无
differ in,"v. 不同
"
in cash,"un. 占…便宜；用现钱支付的
"
to begin with,"na. 首先；本来〔插入语〕
"
to start with,"na. 首先
"
put to use,"na. 用
"
beyond one's ability,无
in the heart of,"na. 在…中心
"
cast aside,"na. 抛弃
"
take against,"v. 反对
"
show off,"na. 卖弄；〈贬〉自以为是；趾高气扬；炫耀
"
bet on, 打赌；为某事打赌；就…打赌
in broad daylight,"na. 在大白天
"
work off,"v. 渐渐消除
"
keep a hold on,无
wall in,"un. 自我堵塞
"
sleep off,"na. 睡过(时候)；睡掉(忧愁等)
"
stick out for,"na. 不停地要求
"
would sooner,"v. 宁可
"
in high spirit,无
come and go,"na. 来来去去；变化无定；来往
"
on condition,"na. 在…的条件下
"
on condition that,"na. 在…的条件下
"
last but not least,"na. 最后但不是最不重要的一点
"
come to nothing,"na. 等于零；失败
"
file for, 申请；提起诉讼；提出申请
be skilled at, 政客和商人尤其擅长；善于；精通
fight back,"na. 抵抗
"
have difficulty, 有困难；做某事有困难；做…有困难
have difficulty in, 在……方面有困难；在某方面有困难；在……有困难
hold one's own,"un. 忍耐一下；逐渐成为；打了个平手；比得上
"
drop to,"un. 弄虚作假；坠入
"
talk sb. out of, 劝阻；说服某人不做某事；强迫同意或决定不做
come to life,"na. 苏醒过来
"
push up,"v. 提高；强使(物价等)上升
n. 【体】俯卧撑
"
grow out of,"na. 抛弃；戒除；长大而穿不上衣服；源出
"
inject into, 把……注入；给…添加；把…注入身体
talk sb. into doing sth.,无
at worst,"adv. 无论怎样坏
"
at the worst,"un. 无论怎样坏；在最坏的情况下
"
pass on,"na. “pass away”的变体；递；传达；通过
"
take root,"na. “strike root”的变体
"
top up,"n. 补充的饮料；收入补贴
v. 装满；充值
adj. 附加的
"
you bet,"na. 〈口〉肯定
"
tear at,"v. 撕
"
behind someone's back, 在某人背后；背着某人；背著某人
close up,"na. 靠紧；(伤)愈合；密闭；〔美国〕结束
"
take off,"v. (飞机)起飞；出去；拿掉；移送
"
enter on,"na. 动手；入；占有(土地,财产等)
"
enter upon,"na. 动手；入；占有(土地,财产等)
"
on line,"un. 在线的；联机；电站并网；机控
"
walk out,"na. 出去；〔美国〕罢工；(丢开人)走掉
"
shut up,"na. 关住；监禁；密封；停止
"
meet up,"v. 偶尔遇见
"
meet up with sb.,"na. 遇着
"
on purpose,"na. 故意；意欲
"
equate with, 把…等同；看作相同；同等
be worthwhile to,无
keep up with,"na. 不落后
"
tangle with, 争吵；纠葛；与…争吵
be relevant to,"v. 有关
"
under ... circumstances, 即期
stand up to,"na. 抵抗；反抗；反对；经得起
"
close by,"adv. 在附近
"
lie in,"na. 存在于；(分娩后)坐月子
"
cast about for sth.,四处寻找，设法找到；设法；筹划
cast around for sth.,＝ cast about (for)
back up,"na. 支持；堵塞；【棒球】抢救后方；【计算机】把(文件等备份)
"
so long,"na. 再见!
"
take a hand in,"na. 参加
"
have a hand in,"na. 干与
"
count ... in,"na. 算入
"
give rise to,"na. 惹起
"
take a chance,"na. 冒险一试
"
start up,"n. 创办中的公司；开机
v. 开办；发动(机器,引擎等)
adj. 新开张的
"
turn down,"na. 翻下(衣领等)；扭小(灯火等)拒绝考虑；拒绝(某人)
"
talk back,"na. 回嘴；反复重说；反唇相讥
"
take note, 注意到；记下；引起注意
take note of,"na. 注意(到)
"
take one's time,"na. 从容
"
turn in,"v. 向里弯曲
"
for short,"na. 简称
"
to perfection,"na. 完全地；好极
"
be bound up with,"na. 与…有密切联系；与…结合在一起；和…有密切关系
"
close down,"v. 关闭；关门；倒闭；歇业
"
upward of, 多于， 超过
retreat from,"v. 放弃；撤退
"
be disappointed at, 对…失望；对……感到失望；后应接指东西的词
convenient to do,无
if anything,"na. 甚至可能；要说呢
"
on the move,"na. 一直在动；开始活动；(事件)正在发展；动着
"
tear down,"na. 拆毁；扯下；猛冲
"
stand down,"na. 【法】退出证人席位；暂时辞退；【军】不在值勤中
"
be ignorant of,"na. 不了解
"
count as, 视为；看成；算
on the point of,"prep. 正要N；将要N
"
reckon ... as,"〈非正〉被认作…, 被看作…"
reckon ... to be,无
hint at,"v. 暗示；示意
"
come into effect,"na. 开始实施
"
go into effect,"v. 生效
"
in the matter of,"na. 关于…；就…而论
"
think better of,"na. 经考虑后决定不做(某事)；对…有较高评价
"
do one's best,"na. 竭尽所能；尽力
"
try one's best,"na. 尽全力
"
use up,"na. 用完；耗尽
"
think highly of,"na. 尊重；评价极高
"
think poorly of,"na. 不佩服
"
now and then, 偶尔；时而；不时
come by,"na. 到手；通过附近；〔美俚〕拜访
"
in words, 口头上；用语言；用言语
abound in sth.,"v. 富于
"
abound with sth.,"v. 充满
"
stand off,"na. 〈美〉疏远；延期；离着；【航】离岸行驶
"
be content with,"na. 以…为满足
"
vote sb. in,"un. 否决；当选
"
tune in,"na. 调谐；收听；〔美国〕开始
"
tune in to sth.,"v. 拨；收听
"
be proud of,"na. 以…自豪
"
burn down,"na. 把…烧成平地；(蜡烛等)逐渐烧完；火力减弱
"
argue for,"na. 为…作争辩
"
speculate about,"v. 思考
"
speculate on,"v. 思考
"
take back,"na. 退回；收回(说过的话)；承认…是错的；拿回
"
spread out,"na. 张开；铺开；扩张；同“spread”
"
a train of,"un. 瞄准；(一)串；连续不绝；一列
"
die out,"na. 死绝
"
what is worse,"na. 更坏的是
"
turn into,"v. 变成
"
sit by,"na. 袖手旁观；坐在一旁
"
keep abreast of,"na. 跟着(时代)跑
"
be abreast of, 使不落后于
fall victim to,"v. 受害于
"
let off,"na. 放(枪,花炮等)；说出(俏皮话等)；宽恕
"
in the way,"na. 在路上；妨碍
"
up to the minute,"na. 最新的
"
grip on, 握住
be opposed to,"v. 反对；与…相对
"
go by,"na. 走过；以…为根据(作判断)；〈美〉顺道访问；受…所控制
"
on occasion,"na. 有时；遇必要时
"
tide over,"v. 帮…度过难关
"
sleep through, 未被吵醒；睡过了；惊醒
acquaint with,告诉，告知，通知；使知道，使认识，使了解；使熟悉；使相识，与…结识，介绍
last hurrah,"na. 最后的努力[尝试]
"
take exception to,"na. 对…提出异议
"
for certain,"na. 的确
"
step aside,"na. 走到一旁；避到一旁；让给别人；走错路
"
space out,"na. 加宽行间[词间]间隔排匀
"
in use,"na. 正在用；通行；“in/out of use”的变体
"
in abundance,"adv. 充足
"
hardly ... when,几乎未来得及就…；刚一…就…
hardly ... before,刚一...就...
be in debt,"亏空,亏空额"
give credit to sb. for ...,无
turn a blind eye to,"na. 对…熟视无睹；假装不见
"
rest with,"na. 取决于
"
watch over,"na. 监视；留心；看护
"
on no account,"na. … on any account 决不
"
think over,"v. 仔细考虑
"
fill with,"v. 充满
"
out of doors,"na. 在户外；在外；“out-of-doors”的变体
"
call off,"na. 〈口〉命令停止；丢手；取消(婚约)；〈美〉点(名)
"
tear away from,无
run wild,"na. 蔓延；狂暴起来；放肆起来；放荡
"
cut in,"na. 突然插入；(汽车)超车；抢去别人的舞伴；在电话里窃听
"
for anything,"na. 给什么都(不干)
"
not for anything, 绝不；决不；根本不
stick together,"v. 粘合起来
"
talk sense,"na. “speak sense”的变体
"
drag sb. down,"na. 挣工资；赚(钱)
"
drag sth. down,"na. 挣工资；赚(钱)
"
operate on,"v. 对…施行手术；用…开动
"
lead into,把…带入; 导致; (道路等)通向
hear from,"na. 得到…的消息
"
on the table,"na. 公开地；摆在桌面上；在桌子上
"
fix up,"na. 〈美口〉修理；解决；组织；安顿住处
"
keep a close watch on,"v. 密切注意
"
cheer sb. on,"un. 欢呼；喝采；高呼加油:；为某人打气
"
cheer on sb.,"un. 欢呼；喝采；高呼加油:；为某人打气
"
on hand,"na. 现有；〈美〉出席；〈美〉在近处
"
vote against,"v. 投票反对
"
scale down,"na. (按比例)缩减；【无线】分频；“scale back”的变体
"
distinguish between ... and ...,无
come into use,"na. (某物)开始被使用
"
buy out,"na. 出钱使某人出让地位[产权等]；买下…的全部产权
"
equip with,"v. 装备
"
keep one's word,"na. 守约；履行诺言；说话算话
"
dry out, （使）变干， （使）干涸; <非正>（使）戒（酒、毒等）; 晾干
have a good time,"na. 过得愉快；很愉快
"
at intervals,"na. 时时；处处；偶尔
"
time out,"n. (英国)《暂停》周刊
"
in the long run,"na. 归根到底；“in the long run/term”的变体
"
take action,"na. 动手；采取行动；采取(快速)措施；提起诉讼
"
touch down,"na. 【橄】触地得分；【航】着陆；着陆过程中的一部分；着陆时间
"
avail oneself of,"na. 利用时机
"
not ... at all,"na. 毫无(=〔美国英语〕 You are welcome)
"
warm up,"na. 加热；变暖；热中起来；【运】作准备动作
"
think up,"na. 想出；〔口语〕发明
"
tear ... away,"na. 撕掉；扯开；飞跑
"
play off against, 完成同其他优胜者的平分比赛; （使）相互争斗以坐收渔利
see to,"na. 注意；留心；当心；检查
"
in the interest of,"na. 为了…的利益
"
circulate to,无
time and again,"na. “time after time”的变体
"
time and time again,"na. 常常；反复
"
throw out,"na. 投出；拒绝；否决(议案)；派出
"
be central to, 对…极为重要的；是…的核心；对…来说是重要的
prepare against, 准备应付；准备应付不好的事情；防备
bring into, 使达到…; 把…拿入; 使开始生效; 使清楚地被人理解[知道]
speak out,"na. 大声讲；老老实实讲
"
speak up,"na. “speak out”的变体
"
on the spot,"na. 当场；立刻；【商业】用现货[现款]；(人)准备妥当
"
on leave,"na. 请假中
"
with a view to,"prep. 为了
"
fall off,"na. 下降；(从马上)掉下来；扫兴颓丧；离开
"
sweep into, 涌入；席卷市场；把…扫入
knock down,"na. 打倒；拆除；拆卸；(拍卖时)敲槌卖出
"
put through,"na. 经受；测试；试验；使…通过
"
pick out,"na. 挑选；掘出；闻出；领会
"
for life,"na. 终身；为逃[保]命
"
pass away,"na. 消失；Vi. 经过；去；终止
"
keep secret,"na. 保守(某事)秘密
"
keep ... secret,"na. 保守(某事)秘密
"
to the limit of,无
on the decline,"na. 没落；在低落中；在衰退中
"
be distracted by, 被…分心；对······心烦意乱
draw up,"na. 写出；正容；整(队)；拉起(鱼网等)
"
commit suicide,"na. 自杀；自尽
"
once for all,"na. 只此一次；断然
"
once and for all,"ph. 一劳永逸地
"
swear to,"na. “swear”的变体
"
for fun,"na. 开玩笑
"
wait on,"v. 等着
"
step by step,"na. 一步一步；切切实实
"
by rights,"na. 按理说
"
without fail,"na. 必定
"
at stake,"na. 被赌着；在危险中；利害[生死]攸关
"
in a small way,"na. 小
"
piece together,"na. 拼合
"
triumph over,"un. 击败；克服；战胜:
"
step out,"na. 下(车)；走出屋外；放大脚步；辞职
"
to my mind,"na. “in my mind”的变体
"
head into,"na. 开始
"
be up in the air,"na. 悬而未决；尚未决定
"
fall down,"na. (向下游)流下；〔美俚〕失败；跌倒；同“fall”
"
safe and sound,"na. 平安无恙
"
stop short,"na. 猛然停止；使(谈话等)停止；【剑术】挡住
"
fit into, （使）适合， （使）合乎…的时间[空间]，与…融为一体; 纳入
bid for,"na. 投标求包(工程)；出价竞买(某物)；争取得到(拥护等)
"
take ... by surprise,"v. 突然惊吓
"
be typical of,"v. 代表；象征
"
persist in,"v. 坚持
"
the moment,"na. (= as soon as)一…(就)
"
the moment that, 一…就
slip through,"un. 溜出去；漏出去
"
turn away,"v. 转变方向
"
under pressure,"un. 在压力下
"
follow one's example,无
at present,"na. 目前
"
stumble on,"un. 踌躇地转着；碰上
"
stumble upon,"un. 踌躇地转着；碰上
"
stumble across,"un. 踌躇地转着；偶然发现
"
pull through,"na. 恢复健康；痊愈；渡过难关
"
hold back,"na. 阻止；踌躇；隐瞒；抑制
"
take on,"na. 担任(工作等)；较量；装(某种样子)；呈现(形势)
"
take a fancy to,"na. 爱好
"
at a stretch,"na. 一口气
"
tie up,"na. 绑；系；包扎；(船只)系泊
"
buy off,"na. (用贿赂)收买；用钱疏通[保护,救]；同“buy”
"
core values, 核心价值观；公司核心价值观；金地核心价值观
stand in,"na. 加入；〈口〉使花费
"
find fault with,"na. 吹毛求疵；找…的岔子
"
make certain,"na. 保证
"
turn up,"v. 朝上翻；出现
"
level off,"na. 弄平；达到同一水准；(物价等)稳定；(飞机降落前)水平飞行
"
on the increase, 在增加；正在增加；正在增长
on the verge of,"na. 将近(几岁)；即将…
"
up to date,"adj. 现代的；最新的；时髦的；新式的
"
up against,"na. 面临；遭遇(障碍等)
"
come to a close,"na. 将完
"
draw to a close,"na. “come to a close”的变体
"
bottom line,"n. 底线；底价；要旨；基本论点
"
on that score,"na. 因此；在那一点上；“on that/this score”的变体
"
size up,"na. 够标准；估量；〔口语〕品评
"
to the extent of,"na. 达到…的程度
"
clean out,"na. 扫除干净；〔俚语〕(把钱)花完
"
in brief,"na. 简单地说
"
year after year,"adv. 年复一年
"
year by year,"na. 年年；逐年
"
in a position, 处于某个地位；胜任；能够做
give access to,"na. 接见；准许出入
"
by common consent,"na. “with one consent”的变体
"
dozens of,"adj. 许多
"
out of hand,"na. 即时；脱手；告终；难对付
"
throw oneself into,"na. 开始热心做(某事)
"
tell the white lie,无
pour out,"v. 倾吐；诉说
"
walk away,"n. 轻易取胜
"
walk off,"na. 离开；用走路来消散；带走
"
get around to,"v. 找时间做
"
get round to,"v. 找时间做
"
come into existence,"na. 产生；成立
"
run for,"na. 去叫(…)；做…的候选人
"
supply with,"v. 供给
"
supply to, 供应；给的供应；为……提供
burn up,"na. 烧完；旺起来；使恼怒；发怒
"
turn one's back on,"na. 不理睬；丢弃；逃出
"
dry up,"na. 干涸；逐渐枯萎；使干；(演员)忘记台词
"
have connection with,"un. 〔商〕联运车(船)；有贸易关系的商号；〔生〕食物联系；〔计〕连接
"
rare bird, 珍禽；珍稀鸟类；奇异珍贵的宝物
no way,"na. 无论如何不
"
beat to the punch, 首先做出决定性的行动
arm with,"v. 以…武装着
"
take a loss,承担损失
on schedule,"na. 按时；按时间表；按照预定计划
"
be on the ropes,（登山者）用绳相互系在一起
trade off,"na. 卖出
"
make a sacrifice,"v. 牺牲
"
drop off,"na. 同“drop”；睡着；(客)(一一)散去；衰落
"
stick around,"v. 粘在旁
"
badly off,"adj. 穷困的；拮据的；境况不佳的
"
finish up,"na. 完成；吃光；用尽；同“finish”
"
expert in,"v. 精通于
"
expert at,"v. 精通
"
tie in with,"un. 牵制；与…联合在一起
"
cheer up,"v. 鼓舞；振作一点
"
spread over,"na. 〈英〉(根据特殊需要而作的)部分工时调整
"
be addicted to,"na. 嗜好
"
on edge,"na. 易怒；急切；竖着
"
be on edge,焦虑不安的
give place to,"na. 让位于
"
head for,"na. 走向
"
submit to,"un. 使某人忍受某事:
"
sort of,"adv. 有几分地
 （想不出恰当的词或不知下面该怎么说时用）可以说，可说是"
take a nap,"na. 睡午觉；打一个瞌睡
"
get a nap,无
have a nap,"na. 睡午觉；打一个瞌睡
"
drive sb. to do sth.,无
talk nonsense, 胡说八道；胡言乱语；枉口拔舌
bid up,"un. 〔经〕哄抬(价格)；追逐；买；抬高
"
take the place of,"na. 接替某人的位置
"
on order,"adj. 已定购
"
go over,"na. 仔细查看；仔细搜查；排练；重温
"
go into action,"na. 开始行动；投入战斗
"
be absorbed in,"na. 全神贯注在…；热衷于
"
become absorbed in,无
die down,"na. 殉国
"
complain of,"v. 抱怨；叫屈
"
as often as not,"na. “more often than not”的变体；往往
"
to sb.'s credit,无
be in sympathy with,同意；随着；赞同；和...一致
tire out,"na. 使疲倦到极度
"
stay on,"na. 赖着不走；保持
"
check up on,"na. “check on”的变体
"
take down,"na. 扯下；卷起；记下；卸下
"
touch off,"na. 正确地表现；草草写；添画；发射
"
on the air,"na. 广播中；(正在)广播；哭着；闹着
"
act for,"na. 代理
"
reply to,"v. 答复；回答
"
to date,"na. 至今
"
keep down,"na. 压住；压服；【印】用小活字排印；缩减
"
accede to,"v. 同意
"
assault on, 对……猛袭；突击；袭击
turn round,"na. 旋转；(忽然)转过身来
"
draw into,"v. 诱使参加
"
check in,"v. 〈美〉报到；(旅馆)登记
"
be alien to,"v. 与…相反
"
be sensitive to,"na. 对…敏感
"
to one's knowledge, 据某人所知；据…所知；就某人所知
except for,"na. 只有
"
be keen on,"na. 喜爱
"
call up,"na. 传；动员；打电话给；【电讯】呼唤
"
try on,"na. 试穿；〈非正式〉搞恶作剧(以试探能否被容忍)；〈非正式〉耍花招
"
turn back,"na. 同“turn down ”
"
coincide with,"v. 与…一致
"
compatible with,"adj. 与…不矛盾
"
at fault,"adv. 困惑；不知所措
"
to all appearances,"na. 显然；没有不像…的
"
sink in,"un. 晕倒；西斜；渗入；打进心坎
"
add up to,"na. 总计共达；〔口语〕总之就是
"
build on,"na. 依赖；把…建筑于
"
build upon,"na. “build on”的变体；同“build on ”
"
step down,"na. 走下；退出；【电】下降；辞退
"
throw up,"na. 呕吐；抛上；急造；丢弃
"
stir up,"v. 转播；重播；搅拌；煽动
"
talk down to,"v. 降低声调说
"
be jealous of,"v. 妒忌
"
at leisure,"na. 在闲暇中；从容不迫地；失业
"
extend to, 延伸到，延续到；延伸至；扩展到
run out,"na. 耗尽；用光；过有效期；失效
"
run out of,"na. 用光…
"
graduate from,"v. 毕业于
"
in perspective,"na. 按照透视画法的[地]；展望中的[地]；正确的[地]
"
incur criticism,无
in proportion,"un. 匀称；一分不多；按比例
"
in proportion to,"na. 与…成比例；与…相称；按…的比例(越…越…)
"
eliminate from, 从…中消除；从……排除；去除
on the go,"adj. 〈口〉忙忙碌碌的
"
play with,"na. 玩弄(火等)；以…自娱
"
allow for,"v. 考虑到
"
to the contrary,"na. 反对地
"
at a glance,"na. 一看就；初看
"
nowhere near,"na. 远远没有；总不如(那么好等)
"
in and out,"na. 迂曲；忽隐忽现
"
on the alert,"na. 警惕
"
take heart,"na. 鼓起勇气
"
fix on, 把…固定住; 把…集中在…上; 确定; 选定
land in, 着陆；在……着陆；在大地点着陆
step in,"na. 调停；介入；挤进；走进
"
run over,"v. 轧过；碾过；演练；排练
"
at the instant of,无
be indicative of, 表明；暗示；表示
team up,"un. 配合
"
make nothing of,"na. 轻视；满不在乎；认为不在话下
"
word for word,"adv. 逐字翻译
"
explain away,"na. 巧辩过去
"
trade on,"na. 利用(某人的)名声
"
trade upon,(为自私的目的)利用
check out,"na. 开支票(提款)；(旅馆)付账后离开；及格；〔美俚〕死
"
come at,"v. 得到；达到
"
gender inequality, 性别不平等；两性不平等；性属上不平等
take a delight in,"喜爱,以…为乐"
be worthy of, 值得；配得上；对得起
plough through,"un. 破浪航行
"
by reason of,"na. 凭…的理由
"
