abandon oneself to,"na. 恣意
"
abide by,"na. 坚持；服从
"
account for,"na. 证明；由于；说明(银钱等的)用途；打死
"
accuse sb. of sth.,"un. 控告
"
act on,"na. “Act upon”的变体
"
act out,"v. 演出
"
act up,"na. 捣蛋；耍脾气；胡闹；出毛病
"
add in,"na. 算入
"
add on,"un. 加码
"
add up,"na. 合计；符合预期的数目
"
add up to,"na. 总计共达；〔口语〕总之就是
"
allow for,"v. 考虑到
"
allow of,"v. 容许
"
amount to,"v. 合计
"
answer for,"na. 负…的责任；负责(受处分)；代(被问人)回答
"
apply for,"v. 寻求；申请
"
associate ... with,"v. 与…联系
"
avail oneself of,"na. 利用时机
"
back away,"v. 后退；退让；退缩
"
back down,"na. 打退堂鼓；放弃权利等
"
back off,"na. 退避；后退
"
back out,"na. 打退堂鼓；食言；退出；后退
"
back up,"na. 支持；堵塞；【棒球】抢救后方；【计算机】把(文件等备份)
"
bank on,"na. 信赖
"
barge in,"na. 闯入；〔美俚〕强行加入
"
be about to,"na. 准备
"
be addicted to,"na. 嗜好
"
be aware of,"na. 知道
"
be bound up in,"na. 热中于
"
be bound up with,"na. 与…有密切联系；与…结合在一起；和…有密切关系
"
be composed of ...,"na. 由…组成
"
be fed up with,"na. 吃…吃得过饱；厌倦
"
be friends with,"na. 跟…要好
"
be in debt,"亏空,亏空额"
be in for,"na. 遭受；参加(考试,竞争)
"
be mad about,"na. 急切地想；迷于
"
be made up of, 由…构成；组成；由…组成
be named after, 以……命名；以…来命名；以…的名字命名
be to blame,"na. 该负责
"
be used to doing sth.,无
get used to doing sth.,无
be in awe of,对…望而生畏 对…感到害怕
stand in awe of,"na. 怕
"
bear down on,"na. 冲向；强调；压迫
"
bear on,"na. 瞄准；压迫；倚恃；与…有关系
"
bear upon,"na. 瞄准；压迫；靠；与…有关系
"
bear out,"na. 证明
"
bear up,"na. 支持；咬紧牙关坚持；【航】驶向下风
"
bear with,"v. 忍受；担待；逆来顺受
"
bear in mind,"na. 记住；铭记不忘；注意
"
keep in mind,"na. 记在心里；记住；注意
"
beat down,"na. 打倒；镇压；〈口〉还(价)；使失望
"
beat up,"na. 搅(蛋)；虐待；冷不防地；打鼓召集
"
become of,"na. (人或事物的)情况
"
beg off,"na. 辞退；谢绝；请求原谅(某人)
"
believe in,"v. 相信
"
block in,"na. 画略图；设计；堵塞
"
block off,"v. 挡住
"
block up,"na. 堵塞；停用；同“block”
"
blot out,"na. 涂去(文字)；遮掉(风景等)；杀掉；毁掉
"
blow up,"v. 炸掉；爆炸；充气；放大
"
boil down to,"na. (被)归结起来是…；(审判等到最后)表明
"
boil over,"na. 沸溢；发怒
"
book in,"v. 预定旅馆房间
"
border on,"na. 同“border”
"
bounce back,"na. 很快挽回(颓势,败局)
"
box in,"na. =box up.；【赛马】阻拦(他马)
"
branch out,"na. (树)发枝；(话等)横生枝节；(事业等)扩大规模
"
break away,"v. 逃脱；突然离开；突然离去；挣脱
"
break down,"v. 分解；抛锚；分析；划分
"
break even,"na. 扯平；不赔不赚；(球赛)不分胜负
"
break in,"na. 闯入；插嘴；驯(马)；训练(人)
"
break into,"na. 闯进；拦(别人话头)；侵占(别人时间等)；突然…起来
"
break off,"v. 断绝；摘；把…折断；使脱落
"
break one's heart, 为之心碎
break the ice,"na. 带个头；使气氛活跃；起头；打破沉闷
"
break through,"na. 【军】突破(点)；(科技等的)重大发现；关键问题的解决
"
break up,"v. 拆散；打碎；剖割(兽体等)；破坏
"
break out,"na. 起；(战争等)突发；(囚犯等)逃脱；【航】起(锚)
"
brim over with,"na. (精神等)饱满；(才华等)横溢；漫出
"
bring about,"na. 造成；带来；【航】(使船)回转
"
bring around,"na. 说服；〈口〉使恢复知觉[等]；〈口〉把(某人)作为客人带来
"
bring round,"na. 说服；〈口〉使恢复知觉[等]；〈口〉把(某人)作为客人带来
"
bring back,"na. 送回；使恢复；使回忆起
"
bring down,"na. 降低；击落；削减；使落下[跌落]
"
bring forth,"na. 提出；生
"
bring forward,"na. 提出(计划等)；提示；提前；公开
"
bring ... home to,"v. 证明
"
bring into play,"na. (充分)利用；使活动
"
bring off,"na. 办完；(从失事船只上)救出
"
bring on,"na. “bring forward”的变体
"
bring out,"na. 公布；说出；出版；上演
"
bring the house down,"na. 博得满堂喝彩
"
bring through,"na. 帮助(某人)脱离险境[克服困难,突破障碍]；救活
"
bring to ...,"na. 使恢复知觉；【航】使停船
"
bring to justice, 使归案受审；绳之以法；移送法办
bring to life,"na. 使苏醒
"
bring to light,"na. 暴露；揭露
"
bring up,"na. 抚养；教导；教育；在…长大
"
bring up the rear,"na. 殿后；走在后头；压队
"
bring into effect,"na. 使生效；使起作用；实行
"
carry into effect,"na. 使生效；使起作用；实行
"
put into effect,"na. 实行
"
bring into operation,"v. 将…投入生产
"
put into operation,"na. 实施
"
bristle with,"v. 显出；密布
"
brush aside,"na. 刷去；扫除；无视
"
brush off,"na. 刷去；打发走；摒弃；逃掉
"
brush up,"na. 重新学习；刷光；把…打扮整洁；提高(技巧等)
"
buck up,"na. 振作精神；鼓励；打起精神来!
"
budget for, 编预算；的预算；为…作预算
build in,"na. 加入；埋入；围以(房屋,围墙等)
"
build into,"v. 建入
"
build up,"na. 同“build”；建立；复兴；【军】集结(部队)
"
bump into,"v. 偶然碰到；邂逅；遇见；(意外)撞到
"
bundle up,"na. 同“bundle”
"
burn down,"na. 把…烧成平地；(蜡烛等)逐渐烧完；火力减弱
"
burn out,"na. 烧起来；烧光；烧尽；烧断
"
burn up,"na. 烧完；旺起来；使恼怒；发怒
"
burst into,"na. 闯进；突然…起来
"
burst out,"na. 冒出；现出；突然发作；突然发生
"
buy into,"na. (出钱)做股东[会员]
"
buy off,"na. (用贿赂)收买；用钱疏通[保护,救]；同“buy”
"
buy out,"na. 出钱使某人出让地位[产权等]；买下…的全部产权
"
buy up,"na. 囤积；整批收购；购进(其他公司)
"
call for,"na. 呼吁；主张；需要；接(某人)
"
call in,"na. 招；叫进；引入；调入
"
call in question,"na. 疑；非难；表示不服；要求…的证据
"
call into question, 质疑；使……受到质疑；怀疑
call it a day,"na. 今天就这样算了
"
call off,"na. 〈口〉命令停止；丢手；取消(婚约)；〈美〉点(名)
"
call on,"na. 号召；指名要(某人)去干(某事)；请求；访问
"
call upon,"na. “call on”的变体；同“call on ”
"
call out,"na. 呼喊；大声叫唤；召集；号召罢工
"
call up,"na. 传；动员；打电话给；【电讯】呼唤
"
calm down,"na. 平静下来
"
campaign for, 竞选；为…而进行活动；竞选活动
can not help,"v. 禁不住
"
could not help,"v. 不得不
"
care for,"v. 照顾；关心；喜欢
"
carry forward,"na. 推进；发扬；结转；使进行
"
carry off,"na. 得(奖)；夺去；诱拐；(病)夺去人命
"
carry on,"adj. (飞机乘客的行李)可随身携带的
n. (飞机乘客的)随身行李
"
carry out,"na. 实行；开展；完成
"
carry over,"na. 贮存(货物等)供下季供应；将(账目等)结转(次页)
"
carry through,"na. 完成(计划等)；坚持到底
"
carry weight,"na. (意见等)有力；(人物)有势力[地位]
"
carve out, 雕刻出…; 用辛勤的劳动创造出…; 剜
carve up, 把（某物）切成块; <贬><非正>瓜分[划分]（某物）; 脔割
cash down,"na. 即付
"
cash in on,"na. 用…赚钱；利用
"
cast about,"na. 设法；【航】掉转航向
"
cast about for,"na. 寻觅；搜集；物色；想(方法等)
"
cast around, 寻找
cast around for,"cast around (for)
＝ cast about (for)
以上来源于：《21世纪大英汉词典》"
cast aside,"na. 抛弃
"
cast off,"na. 脱掉(衣服)；放弃；【航】放(船)；【印,纺】织完
"
cast out,"na. 扔出；赶出；吐出；〈英〉吵闹
"
cast lots,"na. 掷骰子决定
"
draw lots,"na. 抽签；拈阄
"
catch fire,"na. 着火
"
catch at,"na. 抓住(东西)；欢迎(意见等)
"
catch on,"na. 流行；受欢迎；理解；懂得
"
catch one's breath,"na. 忍住呼吸；休息一下；紧张起来
"
catch out,"na. 接住球使击球员退出；看破
"
catch sight of,"na. 看出
"
catch up,"na. 与…并驾齐驱 (to with)；扰乱(说话人)
"
catch up with,"v. 赶上
"
catch hold of,"na. 抓住；乘机抓住(对方的失言)；掌握
"
get hold of,"v. 抓住；捉住
"
take hold of,"na. “Catch hold of”的变体
"
chance on,"na. 偶然发现
"
chance upon,"na. 偶然发现
"
change one's mind,"na. 改变想法
"
change over,"na. (使)改变(目的,位置)；改期
"
charge sb. with sth.,"na. 托付；使负…的罪名；使受…的责备
"
cheat on,"un. 不忠于
"
check in,"v. 〈美〉报到；(旅馆)登记
"
check out,"na. 开支票(提款)；(旅馆)付账后离开；及格；〔美俚〕死
"
check up on,"na. “check on”的变体
"
cheer on,"un. 欢呼；喝采；高呼加油:；为某人打气
"
cheer up,"v. 鼓舞；振作一点
"
chew over,"na. “chew upon”的变体
"
choke up,"na. 使闷死；枯死；〔口语〕激动得说不出话来；同“choke”
"
clean out,"na. 扫除干净；〔俚语〕(把钱)花完
"
clean up,"na. 收拾干净；【机械工程】改正；〔俚语〕赚厚利
"
clear away,"na. 扫除；砍去；(雾等)消散
"
clear off,"na. 理清(工作等)；清算；卖掉；撵走
"
clear up,"na. 整顿；说明；(天气)转晴
"
close down,"v. 关闭；关门；倒闭；歇业
"
close up,"na. 靠紧；(伤)愈合；密闭；〔美国〕结束
"
come into effect,"na. 开始实施
"
go into effect,"v. 生效
"
come about,"na. 发生；(风等)变向；【航海】抢风调向
"
come across,"na. 尽(义务)；发现；碰见；(穿过…)来到
"
come along,"na. 进步；同意；一道来；请过来
"
come apart,"na. (精神)错乱；分开了
"
come around,"na. 赶上；达到；袭击
"
come round,"na. 苏醒；(生气的人)消除怒气；(病后)复原；(从某处)转来
"
come at,"v. 得到；达到
"
come between,"na. 介入…之间；离间
"
come by,"na. 到手；通过附近；〔美俚〕拜访
"
come down,"na. 败落；退步；(飞机的)下降
"
come down to,"v. 降至；归结起来；变为；归结为
"
come in,"na. 进入；当选；上台；(党派)组阁
"
come in for,"na. 来取；接受；受到(处分等)
"
come into,"na. 归入；开始；得到；缔结
"
come into being,"na. 发生
"
come into one's own,"na. 取得属于自己的财产[东西]；获得应有的名誉[信用等]
"
come into play,"na. 开始活动
"
come off,"na. 同“come across”；(人)走了；(扣子,齿,发)脱落
"
come out,"na. 出来
"
come out with,"na. 发表；讲出；泄露(秘密)；展出
"
come through,"na. 胜利；脱险；支付；捐献
"
come to,"na. 总计为；结果是；苏醒；把船朝着风头
"
come to blows,"na. 互相打起来；开战
"
come to life,"na. 苏醒过来
"
come to no harm, 没受伤，没有受到损害
come to one's senses,"na. 恢复理性；恢复知觉；苏醒过来；醒悟过来
"
come to terms,"na. 谈判成功；投降
"
come true,"na. (预言等)成事实；实现；(作物)不变种地发芽生长
"
come under,"na. 归入…类[项目]；被…支配
"
come up,"na. 走近；上升；抬头；(暴风雨等)起
"
come up against,"na. 遭到(反对)；与…矛盾
"
come up for,"na. 到…时候了
"
come up to,"na. 到达；不亚于；不负(期待)
"
come up with,"na. 想出(一个主意或计划)；提出；提供；筹措
"
come to a close,"na. 将完
"
draw to a close,"na. “come to a close”的变体
"
come into operation,"na. 开始工作；生效
"
go into operation,"na. 开始运转；生效
"
commit a crime,"na. 犯罪
"
confide in,"v. 信任；吐露秘密
"
cook up,"v. 伪造
"
cool down,"na. 使…变凉；〈非正式〉冷静下来
"
cool off,"na. 变凉；使…冷静；(销量,价钱等)下降
"
cope with,"v. 对付；应付
"
count down,"na. (9,8,7,… 0 地)倒数；(火箭发射时)倒数秒数
"
count in,"na. 算入
"
count on,"na. 指望；预料到；期望
"
count upon,"na. 指望；依赖
"
count out,"na. 一面数一面取出；一面数一面分开；除开
"
count up,"v. 数到；数完
"
cover for, 掩护；代替；顶替
cover up,"na. 包庇(某人)；为某人打掩护；蒙盖；隐蔽
"
cry out,"na. 大叫；喊着要求
"
cry out for,"v. 急需
"
curl up, （使）卷; 缭绕升起; （使）厌恶; （使）身体上[精神上]垮掉
cut across,"na. 对直穿过；同“cut”
"
cut back,"na. 缩减；修剪(树枝等)；回叙往事
"
cut down,"na. 砍倒；削减；减价；夺去…活动力
"
cut in,"na. 突然插入；(汽车)超车；抢去别人的舞伴；在电话里窃听
"
cut off,"na. 削除；截止；截断(退路等)；割下来
"
cut out,"na. 割掉；除去；剪下；开辟
"
cut up,"na. 割裂；弄伤；歼灭(敌军)；使心痛
"
dash off,"na. 飞出；急忙离开；一气写成[写完](文章等)
"
date back,"un. 过时；始于
"
date from,"v. 回溯到
"
dawn on, （白昼）来临于（某处）; 给（某处）以光明; 逐渐（被人）知晓; 明白
deal in,"na. 买卖(货物)；办理；经营
"
deal with,"na. 办理；对待；与…交涉；与…交易
"
decide on,"na. 决心
"
decide upon,"na. 决定(采取某种行动)
"
die away,vt. 减弱，消失；渐熄；风，声音渐弱，渐息；（树木等）渐渐凋零，枯萎（根未死）；假死
die down,"na. 殉国
"
die of,"na. 因…而死
"
die out,"na. 死绝
"
dig in,"na. 挖进；戳进；苦学；坚持主张
"
dig out,"na. 挖出；查出(事实)；〈美口〉慌慌忙忙走开[逃走]
"
dig up,"na. 查出；找到；开垦(荒地等)；采掘(山芋等)
"
dip into,"na. 舀出；取出；看一看；探究
"
dispose of,"na. 安排；解决；办妥；杀掉
"
do away with,"na. 废除；干掉
"
do for,"na. 帮助；适合做；除掉；毁掉
"
do justice to,"na. 公平评判；公平对待；逼真；大吃
"
do one's best,"na. 竭尽所能；尽力
"
try one's best,"na. 尽全力
"
do one's bit,"na. 见 bit 条
"
do one's share,无
do one's utmost,"na. 尽所有力量
"
do sb. good,"v. 有益
"
do the honors,"na. 尽地主之谊
"
do with,"na. 对付；忍耐；与…相处
"
do without,"na. 无需
"
double up,"na. 折；捏起(拳头)；(旅客等)同住一室；弯着身子
"
doze off,"v. 打瞌睡
"
drag on,"na. 迁延；使拖延；拉长(声调等)；挨过
"
drag out,"na. “drag on”的变体
"
draw in,"na. 拉入；引入；收(网等)；收回(借款等)
"
draw into,"v. 诱使参加
"
draw on,"na. 穿；依赖；靠；吸收
"
draw out,"na. 抽出；拔出；掏出；提出
"
draw up,"na. 写出；正容；整(队)；拉起(鱼网等)
"
dress up,"na. 乔装；装扮；为…打扮；盛装打扮
"
drive at,"na. 指望
"
drive away,"v. 赶走
"
drop by,"na. 随便访问一下
"
drop in,"(使)落进；(使)往里坍塌：
偶然(或顺便)走访(或访问)(on)；逐渐进入：
[口语](有选择地)加入；愿意(或决心)参加：
【戏剧】放下(吊幕)，吊装布景："
drop off,"na. 同“drop”；睡着；(客)(一一)散去；衰落
"
drop out,"na. 退出；(因不满传统制度而)退出正常社会；落出；隐退
"
drum up,"na. 招揽(顾客等)；招募(新兵等)；鼓励；激起
"
dry out, （使）变干， （使）干涸; <非正>（使）戒（酒、毒等）; 晾干
dry up,"na. 干涸；逐渐枯萎；使干；(演员)忘记台词
"
dwell on,"na. 细想详述仔细研究强调；拖长(发音)仔细打量；减慢
"
dwell upon,"na. 细想详述仔细研究强调；盯着看；减慢
"
ease off,"v. (痛苦)渐减；【航】(索等)松弛；【航】放松；放开(小船)
"
ease up,"na. 同“ease off ”
"
end in,"na. 结果为…
"
end up,"na. 结束；完事；[俚]死；直立着
"
enter into,"na. 入；动手；参加；缔结(协约等)
"
enter on,"na. 动手；入；占有(土地,财产等)
"
enter upon,"na. 动手；入；占有(土地,财产等)
"
face up to,"na. 大胆面向；正面对付；同“face”
"
fall apart,"na. 土崩瓦解
"
fall away,"n. 【宇】(火箭各级的)分开
"
fall behind,"na. 落后；跟不上；落下；拖欠
"
fall for,"v. 爱慕(某人)；赞赏(某事)；上当；受骗
"
fall off,"na. 下降；(从马上)掉下来；扫兴颓丧；离开
"
fall on,"na. 开始(行动)；袭击；适逢；忽然看出来
"
fall upon,"na. 开始(行动)；进攻；(节日)正当；忽然看出来
"
fall out,"v. 〈非正式〉吵架；争执；闹僵；分手
"
fall prey to, 被困：陷入困境，有遭受迫害、毁灭或侵袭的危险
fall short of,"na. “come short”的变体；“fall short”的变体
"
fall through,"na. 失败
"
fall to,"na. 着手；开始用餐；争吵起来；开始攻击
"
fight back,"na. 抵抗
"
fight off, 在战斗[自卫]中击败（某人）; 竭力摆脱[驱走，阻止，回避…]; 辟
figure out,"na. 估计；解决；了解；〈口〉确定
"
fill in,"na. 填充；填写；同“fill”
"
fill out,"na. 填写(表格等)；变胖；长胖；胖起来
"
fill up,"na. 同“fill”
"
find fault with,"na. 吹毛求疵；找…的岔子
"
find out,"na. 查出；发现；看清…的面目；识破
"
finish up,"na. 完成；吃光；用尽；同“finish”
"
fish for,"v. 间接探听；搜寻
"
fit in with,"v. 符合
"
fit into, （使）适合， （使）合乎…的时间[空间]，与…融为一体; 纳入
fix on, 把…固定住; 把…集中在…上; 确定; 选定
flick through,"un. 浏览
"
follow through,"v. 坚持到底
"
follow up,"v. 把…探究到底；回答
"
fool about,"na. 闲游
"
fool around,"na. “fool about”的变体
"
foul up,"na. 搞坏；同“foul”
"
gain ground, 前进;  有进展;  越来越为人们所接受; 逼近
gain on,"na. 蚕食
"
gear up,"na. 挂快挡；促进
"
get about,"na. 走动；旅行；(消息等)传开；忙于工作
"
get ahead,"na. 获得成功；前进
"
get along,"na. 过日子；生活；团结；进步
"
get around,"na. 回避(事实)；往来；避开(法律等)；智胜(某人)
"
get round,"na. 使敌对各方坐下谈判；同“get around ”
"
get at,"na. 抓住；了解；到达；拿得到
"
get away,"na. 逃脱；出发；把…送出
"
get back to,"un. 报复；回到
"
get by,"na. 走过；〈美〉勉强混过去
"
get down to business,"na. 认真干起来
"
get even with,"na. 和(某人)扯平；向(某人)报复
"
get in,"na. 进入；收(庄稼)；收集(税收,捐款等)；插入
"
get into,"na. 进入；穿上；成癖；陷于
"
get nowhere,"na. (使)无效
"
get off,"na. 下车；脱下(衣服等)；脱(衣)；下(马)
"
get off the ground,"na. 飞起；开始
"
get on,"na. 上马；安上；过日子；相投 (with together)
"
get on sb.'s nerves,无
get on with,"na. 同“get along ”
"
get out,"na. 摆脱；走出；〔命令语气〕出去!
"
get over,"na. 同“get across”
"
get rid of,"na. 除掉；摆脱；撵走
"
get through,"na. 花光；了结；(使)通过(议案)；及格
"
get together,"na. 聚集；集合；汇齐；积累
"
give away,"na. 赠送；分发；放弃；露马脚
"
give back,"na. 归还；返回；往后站；凹陷
"
give birth to, 生（孩子），生育; 引起，产生; 娩出; 娩
give in,"na. 让步；屈服；投降；上交
"
give off,"na. 发散(水蒸气等)
"
give out,"na. 发表；放出；分发
"
give over to,"v. 把…留作；专用为鳡
"
give rise to,"na. 惹起
"
give up,"na. 放弃；断绝；投降；自首
"
give way,"na. 倒塌；忍不住…了出来；划起来；(价格)跌落
"
go about,"na. 走来走去；着手(工作)；(谣言等)流传；【航】掉转船头
"
go after,"na. 追求
"
go against,"na. 违背；不利于
"
go ahead,"na. 取得进展
"
go along,"na. 前进
"
go along with,"na. 陪[随]…一起去；赞同
"
go around,"na. 扑过去；兴冲冲开始干
"
go round,"na. 绕着走；迂回着走；运行；(食物等)人人分到
"
go at,"un. 绕道；着手；执行；攻击:
"
go away,"na. 离开；带走
"
go back on,"na. “Go back from”的变体
"
go by,"na. 走过；以…为根据(作判断)；〈美〉顺道访问；受…所控制
"
go down,"na. 下去；(飞机)坠落；继续到  (风,浪等)平静下来；消退
"
go for,"na. 去喊；〈美〉拥护；被认为；袭击
"
go in for,"na. 赞成；寻求；参加
"
go into,"na. 进入；(门等)通着；加入；参与
"
go into details,"na. 详述
"
go off,"na. 进行得 (well； badly)；(话等)冒出
"
go on,"na. 往前走；继续…下去 (with； doing)；日子过得
"
go out,"na. 出去；灭；辞职；下台
"
go out of business,"na. 停业；改行
"
go out of one's way,"na. 绕弯儿走；不怕麻烦；特地；故意
"
go over,"na. 仔细查看；仔细搜查；排练；重温
"
go round,"na. 绕着走；迂回着走；运行；(食物等)人人分到
"
go through,"na. 认真检查；仔细地搜；(提案或法案)通过；被批准
"
go to court,v. 起诉，朝见君主; 打官司; 觐见; 上朝
go to extremes,"na. 走极端
"
go to pieces,"na. “fall to pieces”的变体
"
go under,"na. 沉没；没落；失败；屈服
"
go up,"na. 上升；上城市去；腾贵；烧起来
"
go wild,"na. 兴奋；高兴
"
go with,"na. 同…一致；跟…谈恋爱；带有；领会
"
go without,"na. 缺少；没有…而忍受过去
"
go without saying,"na. 不待说
"
go wrong,"na. 走错路；失败
"
grind on, 无聊乏味地继续着；令人厌烦地长时间持续著
grind out,"na. 碾成；单调地演奏手摇风琴；苦吟(诗句)
"
grow into,"na. “grow in”的变体
"
grow out,"na. 出芽
"
grow out of,"na. 抛弃；戒除；长大而穿不上衣服；源出
"
grow up,"na. 长大
"
guard against,"v. 防止；加以预防；抵御
"
hack into, 侵入；非法侵入；私自存取或篡改
had rather,"na. 还是…的好
"
had ... rather than,"与其...不如..., 宁愿...不愿..."
would rather,"na. 宁愿
"
would ... rather than,宁愿...而不愿
hail from,"v. 来自
"
hammer away at,"na. 连连敲打；刻苦钻研
"
hammer out,"na. 苦心想出；推敲出；敲出(音调等)；锤薄
"
hand back,"v. 归还
"
hand down,"na. 宣布(判决等)；传下来
"
hand in,"na. 交进
"
hand on,"na. 依次传递
"
hand out,"na. 分；拿出来；施舍
"
hand over,"v. 转交；递给；送交(警察或有关当局)处理；移交(权力等)
"
hang around,"na. 在附近徘徊；踌躇不前
"
hang on,"v. 坚守；守住；坚持；支撑着
"
hang on to,"na. 紧紧握住
"
hang together,"na. 符合；团结一致；结合[纠结]在一起；前后照应
"
hang up,"v. 挂断电话；挂机；悬挂；耽搁
"
have a bearing on,"na. 关系到
"
have an effect on,"na. 对…有影响
"
have in mind,"na. 记住；铭记不忘；注意
"
hinge on,"v. 随…而定；依赖
"
hinge upon,"v. 随…而定；依赖
"
hit back, 反击；还手；回击
hit on,"na. 忽然想到；偶然发现；无意中发现；〈非正式〉搭讪
"
hit upon,"v. 碰巧发现；忽然想出
"
hold back,"na. 阻止；踌躇；隐瞒；抑制
"
hold down,"na. 压制；牵制；阻止；压低(物价等)
"
hold fast to,"v. 坚持
"
hold forth,"v. 提供；大发议论
"
hold off,"na. 拖延；抵抗(进攻等)；使不接近
"
hold on,"na. 拉住；继续；坚持下去；(打电话时)不挂断
"
hold one's breath,"na. 屏息
"
hold one's own,"un. 忍耐一下；逐渐成为；打了个平手；比得上
"
hold out,"na. 伸出；提出；维持；制止
"
hold over,"na. 将…延迟；保存；期满后继续任职；期满后继续占有
"
hold together,"na. (使)团结在一起
"
hold up,"v. 举起；支撑；耽误；抢劫
n. 抢劫；延误；堵车
"
hold with,"na. 同意；和…抱同一意见
"
hook up,"n. 【无线】试验线路；联播电台；联合
"
hung up,"v. 挂断电话；挂机；悬挂；耽搁
adj. 十分担忧；想得过多
"
hush up,"na. 掩盖
"
improve on,"na. 改良
"
improve upon,作出比…更好的东西;对…作出改进
inquire after,"na. 问候(病人等)
"
inquire into,"na. 调查；探索
"
join hands,"na. 联合；同…合伙开店；同…结婚
"
join in,"na. 参加；参与
"
join up,"na. 入伍；联合起来；同“join”
"
join up with, 汇合
jump the queue,"na. 不按次序排队；企图获得优惠待遇
"
jump a queue,无
keep a secret,"na. 守秘密；(保)守秘密
"
keep abreast of,"na. 跟着(时代)跑
"
keep an eye on,"v. 密切注意
"
keep at,"na. 纠缠；坚持地做
"
keep at a distance,"un. 保持一定距离
"
keep back,"na. 隐瞒；阻止；阻止向前；忍住
"
keep down,"na. 压住；压服；【印】用小活字排印；缩减
"
keep from,"na. 避开；禁止；抑制；隐瞒
"
keep in touch, 保持联系；保持联络；再联系
keep off,"na. 不让接近；不接近
"
keep on,"na. 继续；穿[戴]着不脱
"
keep one's fingers crossed,"un. 对…了如指掌；祝愿
"
keep pace with,"na. 赶上；保持同步；随着…而增长
"
keep to,"v. 坚持；固守
"
keep track of,"na. 追踪；记录；保持联系；密切注意…的动向
"
keep up,"na. 支持；保持；继续；停歇
"
keep up with,"na. 不落后
"
key in,"un. 插上；键入
"
kick in,"na. 〈美〉捐(款)；清还；破门而入；〈俚〉死
"
kick off,"na. (足球)中线开球；开始(某种活动)；死；踢脱(鞋等)
"
kick out,"na. 踢出；解雇；踢足球出界
"
kick up,"na. 踢起(灰尘)；引起(骚动)
"
kill two birds with one stone,"na. 一举两得；一石两鸟
"
knock about,"n. 武打戏的表演[演员]；结实的东西；狠斗；流浪汉
adj. 吵闹的；〈口〉流浪的；(衣服)结实的
"
knock around,"na. “knock about”的变体
"
knock down,"na. 打倒；拆除；拆卸；(拍卖时)敲槌卖出
"
knock off,"na. 敲落；中止(工作)；即席作(诗文等)；减低(价格)
"
knock on, 敲击; <非正>（使）增加; 不停地工作; 取消
knock out,"na. 敲出；敲空；使屈服；使无用
"
knock over,"na. 弄倒；屈服；死；逮捕
"
lack of,"v. 缺乏
"
lash out at,"v. 痛打；狠踢
"
laugh at,"na. 嘲笑；付之一笑；因…而发笑
"
laugh off,"v. 对…一笑置之
"
launch into, （使）在（水）中漂浮; 使下水; 发射上天; （使）开始从事
lay aside,"na. 保存；放在一边；丢弃；留着
"
lay claim to,"na. 要求(…是自己的)；自以为是
"
lay down,"v. 躺下；不反抗；屈服；顺从
"
lay on,"na. 发(命令)；挥鞭等；涂(颜料等)；加给
"
lay off,"na. 辞退；停止；暂停
"
lay out,"n. 布局；设计；规划；安排
"
lay over,"n. 中途的短暂停留
"
lay up,"na. 切入篮；“lay in”的变体
"
lead up to,"na. 渐渐诱入；【牌戏】设法引出
"
lean on,"na. 靠在；倚赖；【军】据险(固守)
"
leave alone,"na. 丢下不管；不要管
"
leave behind,"na. 遗留；留下；追过；留在后头
"
leave off,"na. 戒除；不再穿；休假许可
"
leave out,"na. 遗漏；忽略；〈口〉(告诉某人)停下来
"
lend sb. a hand,"na. 帮忙；参加；帮助
"
let alone,"na. 任随；更不用说；放任；莫说…(连)
"
let go of,"v. 释放
"
let in,"na. 放入；嵌入；陷入…；〈俚〉欺骗
"
let off,"na. 放(枪,花炮等)；说出(俏皮话等)；宽恕
"
let out,"na. 放宽；打；放出；泄漏
"
let slip,"na. 落下；不当心泄漏；【数】画(垂线等)
"
let up,"na. 中止；(风雨等)减弱
"
level off,"na. 弄平；达到同一水准；(物价等)稳定；(飞机降落前)水平飞行
"
level out,"na. 弄平；达到同一水准；(物价等)稳定；(飞机降落前)水平飞行
"
lie behind, 位于…之后;  留在…的后头; 是…的原因; 存在于过去
lie down,"v. 躺下；不反抗；屈服；顺从
"
lie in,"na. 存在于；(分娩后)坐月子
"
light on,"na. 发现
"
light up,"na. 点灯；照亮；点香烟；变快活
"
line up,"na. 整顿(机械等)；排成一列；使(兵士)排齐；整顿阵容
"
link up,"na. 联合
"
live a lie,"na. 过虚伪的生活；过欺骗人的生活
"
live off,"na. 住在…之外；以…为生
"
live on,"na. 以…为主食；靠…生活；继续活着；靠［吃］…生活
"
live out,"na. 住在外面；活过
"
live through,"na. 度过
"
live up to,"na. 量…过日子；实行(主义等)；够得上；达到预期标准
"
live with,"v. 和…住在一起；和…同居；和…妥协；容忍
"
lock in,"na. 关起来；锁在里面
"
lock up,"na. 上锁；监禁；收藏(文件等)；固定(资本)
"
log in,"na. 进入电脑工作系统；“log on”的变体
"
log out,"v. 退出
"
look ahead,"na. 考虑未来；“look/think/plan ahead”的变体
"
look around,"na. 看起来好像；环视
"
look round,"na. 环顾；仔细考虑；往周围一看；回头看
"
look at,"na. 看；考虑
"
look back,"na. 回头看；回顾；追想 (to；upon)；(对事业等)不起劲
"
look down on,"v. 轻视；看不起
"
look down upon,"v. 轻视
"
look for,"v. 寻找；探索；渴望；盼望
"
look forward to,"na. 盼望
"
look in,"na. 看看；顺便访问 (on somebody)
"
look into,"na. 窥视；调查；过问
"
look like, 看起来与（某人或某物）相像[相似]; 很可能出现[引起]（某事、做某事）; 伣; 似
look on,"na. 旁观；面向；看做
"
look out for,"v. 照料；寻求；期待；提防
"
look over,"na. 浏览；检查；察看
"
look sth. up,"v. 查找；查阅；探望；看望
"
look through,"na. 浏览；翻查；对…视而不见；看穿
"
look to,"na. 依赖；注意；照料；〈美〉倾向…
"
look up,"v. 查找；查阅；探望；看望
"
look up to,"v. 尊敬；另眼看待；向…一举一动看齐
"
look upon,"na. 像很健康；看上去漂亮；(事情)顺利
"
lose heart,"na. 沮丧
"
lose one's temper,"na. 发脾气；发怒
"
lose oneself in,"un. 赔钱；在…中忘却自己；沉没在…里；陶醉在…里
"
lose sight of,"na. 看不见了…；忘了…；失踪了
"
lose track of,"na. 忘记
"
make a difference,"na. 发生差别；使…有差别；(结果等)是重要的
"
make a fool of,"na. 愚弄
"
make a fuss of,"un. 过分关心
"
make a fuss over,"na. 大肆吹捧
"
make a point of,"na. 主张；重视；必定
"
make a thing of, 认为……重要；认为…非常重要；把……作为争论点
make a thing out of,对 ... 小题大做
make allowances for,"un. 考虑到
"
make believe,"na. 假装
"
make for,"na. 有利于；对…有益；倾向于；支持
"
make friends with,"na. 跟…做朋友
"
make fun of,"na. 嘲弄
"
make into,"na. 制成；使转变为
"
make it,"na. 赶到；办成功；规定时间；〔美俚〕性交
"
make no bones about,"na. 率直；对…毫不踌躇
"
make of ...,"na. “make certain”的变体
"
make off,"na. 逃亡
"
make one's way,"na. 前往；发迹
"
make out,"na. 理解；发现；起草；证明
"
make peace,"abbr. (=peacemaker)
"
make sense,"na. (话等)有意义；合理；有道理；讲得通
"
make sure,"na. 尽力做到；深信；务必；务请
"
make the best of,"v. 充分利用
"
make the most of,"na. 充分使用；尽量使好[不好]看；极为重视；尽量称赞[贬损]
"
make up,"na. 弥补；起草；定；签订
"
make up for,"v. 偿还；赔偿
"
make up one's mind,"na. 决心 (to do)
"
make use of,"na. 使用
"
make way,"na. 进步
"
map out, 在地图上标出; 筹划[安排]某事; 详细提出某事; 规
mark down,"na. 记下；减价；【打猎】记清(禽兽逃往处)
"
mark off,"na. (用线条,符号等)划分；同“mark down ”
"
mark up,"na. 涨价；赊账
"
mean business,"na. 〈非正式〉认真的；不是说着玩的
"
measure up,"na. 合格
"
meet with,"na. 碰见；遭遇；偶然发现；达到
"
mend one's ways,"na. 改正(不良)行为
"
mess about,"na. 磨洋工；闲荡
"
mess around,"na. 浪费时间；混(日子)；乱管闲事
"
mess up,"na. 搞砸；弄糟；弄脏；弄乱
"
mess with,"v. 惹恼
"
miss out,"na. 错过(机会等)；遗漏
"
mix up,"na. 调匀；混淆；使结交坏朋友；【拳击】猛烈互击
"
mop up,"na. 揩干；吸取(利润等)；痛击；〈口〉狼吞虎咽地吃[喝]
"
move around,"v. 走来走去
"
move away, 离开; 搬到别处去住; 改变（见解）; 挪开
move in on,"na. (为了捕获而)潜近；企图从某人手中夺取对某物的控制权
"
move on,"na. 继续前进；(使)继续前进；〔交通警察命令〕向前!
"
move up,"na. 提上
"
mow down,"v. 杀死；扫杀
"
nail down, 用钉子钉住（某物）; 迫使（某人）作出决定，讲明意图[采取行动]; 钉牢
nose about,"打听,探听,刺探"
nose around, 到处打听；查探
open up,"na. (打)开；割开；开发(资源)；揭示
"
operate on,"v. 对…施行手术；用…开动
"
own up,"na. 坦白地承认；供认
"
pack away,"na. 解雇；慌慌张张走掉
"
pack in,"na. 停止
"
pack off,"na. “pack away”的变体
"
pack up,"na. 把…打成包；打包；捆好东西；解雇
"
part company with,"na. 跟…分手；跟…意见不合；与…告别[有分歧；绝交]
"
part with,"na. 跟…分别；解雇；卖掉(东西)
"
pass away,"na. 消失；Vi. 经过；去；终止
"
pass by,"na. 经过；不过问；打…旁边过去；通用(…这个名字)
"
pass off as,"na. 把某物冒充为
"
pass on,"na. “pass away”的变体；递；传达；通过
"
pass out,"v. 昏倒；分发；主要用于英式英语
"
pass over,"na. 越过；通入；弹；过(日子)
"
pass up,"na. 绝交；放过；不理；上
"
pay attention to,"na. 注意
"
pay back,"na. 偿还；报答；向…报复；付还
"
pay off,"na. 偿清(债务等)；付清；发清(工钱)；发清工钱解雇
"
pay out,"na. 还(债)；放出(绳子)；痛加责罚；〈美〉赚到钱
"
pay up,"na. (全部或按时)付清；缴清(股款等)
"
peel off,"na. 离队；【航空】开始离队急降[俯冲]
"
phase in,"na. 逐步采用
"
phase out,"na. 使逐步结束；使逐步撤出；逐步淘汰；逐部停止(活动等)
"
pick at,"na. 不断挑剔某人；拣拣吃吃；同“pick”
"
pick on,"na. 与…为难；不断责骂；挑中
"
pick out,"na. 挑选；掘出；闻出；领会
"
pick to pieces, 严厉批评，对…吹毛求疵
pull to pieces,"na. 扯碎；批评得一文不值
"
pick up,"v. 拾起；探出；重新开始
"
pile up,"na. 堆积；积聚；(汽车等)挤在一起；(使)(船)搁浅
"
pin down,"na. 强迫(人)承认[履行]条约；用…束缚住；阻止；牵制
"
pitch in,"na. 热情参加
"
plan on,"na. 想要
"
play a part in,"v. 贡献力量；起…作用
"
play at, 玩…; 在…演奏; 在体育比赛中担任…; 假装…的游戏
play back,"na. 回到三柱门方面
"
play down,"na. (迎合对方的意思)放低语气  减弱；轻描淡写
"
play off,"na. (得分相同)进行补赛；使某人出丑[出洋相]；揭某人老底
"
play off against, 完成同其他优胜者的平分比赛; （使）相互争斗以坐收渔利
play on,"na. 奏；利用(别人的恐惧心或信赖心)
"
play out,"na. 做完；用完；使筋疲力竭；放松(绳索等)
"
play up,"na. 〈美〉勇敢行动；越发使劲弹奏；(比赛等时)奋战；逗弄
"
plug in,"v. 插入；插插头；插上
"
point out,"na. 指出
"
poke about,"na. 〈美〉(在书中等)找查；闲荡；多查多问
"
poke around,"un. 围着转；逛一下；到处翻找
"
poke fun at,"na. 嘲弄
"
poke one's nose into,"na. 管…的闲事；干涉
"
stick one's nose into, 管闲事；探问
polish off,"na. “polish away”的变体
"
pop up,"v. 突然出现
"
pour into, 不断地[大量地]流进[涌进]; 注入; 灌注; 倾注
pour out,"v. 倾吐；诉说
"
press on,"na. 向前挤；坚决推进；“press ahead”的变体
"
prick up one's ears,"na. (狗)竖耳
"
prop up,"na. (把…)撑住；给…撑腰
"
provide for,"v. 为…作准备
"
pull apart,"na. 扯断(索子等)；劝开(吵闹)
"
pull away,"un. 绷起脸；开走；抽回；挖走
"
pull down,"na. 挣钱；压低；拆坏(房子等)；(疾病使人)衰弱
"
pull in,"na. 使后退；节省(费用)；(火车等)到站；船靠近(海岸)
"
pull off,"na. 赢得；做成某事；(在路边)停车；〈非正式〉【计】下载
"
pull one's weight,"na. 做好自己的工作
"
pull out,"na. 拔(牙等)；把船划出；(车,船等)开出；(人)出发
"
pull over,"na. (把衣裳)从头上套下来穿；推翻(桌子等)；〈口〉把(车)靠拢路边
"
pull one's leg,"v. 拿···开玩笑；捉弄···
"
pull through,"na. 恢复健康；痊愈；渡过难关
"
pull together,"na. 通力合作；拼凑
"
pull up,"v. 拔起；使…停下
"
push about, <非正>驱使，摆布; 挤来挤去
push around,"na. 〈非正式〉摆布；呼来喝去
"
push on, 继续向前， 坚决进行下去; 用力推[压]…; 把…强加于…; 进栈
push through,"na. 完成(事务)；冲过；(树叶等)长出
"
put across,"na. 使承认；欺骗人；美满完成；堂堂开张
"
put over,"na. “put across”的变体；(船)渡过去；延期
"
put aside,"na. “set aside”的变体
"
put away,"v. 把…收起来；储存
"
put down,"na. 平定；贬低(的话)；(飞机的)降落
"
put forward,"na. 提出(计划,意见等)；建议；促进；推举(候补人等)
"
put in,"v. 探进；放进；输入；纳入
"
put into practice,"na. 实行
"
put off,"na. 延期；辩解
"
put on,"na. 假话
"
put one's heads together,共同商量
put out,"v. 扑灭；熄灭；放出；伸出
"
put the screws on, （非正式）给（某人）施加心理压力，强迫（某人）
put through,"na. 经受；测试；试验；使…通过
"
put to death,"na. 处死；处死刑
"
put to use,"na. 用
"
put up,提供；建造；举起；提高；推举，提名；供给…住宿；直接行动
put up with,"na. 忍住
"
queue up,"n. 长队；车队；辫子
v. 把(头发)梳成辫子；〈英〉排(成)队
"
rack one's brains,"na. 绞尽脑汁
"
rake up,"na. 搜集；搜出；压灭(火)
"
rattle off,"un. 口若悬河；一口气讲
"
rattle on, 喋喋不休；飞奔；罗嗦
reckon with,"na. 和…算账；将…加以考虑
"
reconcile with,"un. 使一致；使相符:；使和解；调解
"
refer to ... as ...,"v. 提交；归类；称谓
"
regarded as, 把……认作；作为；算得上是
rein in,"na. 勒住(马)；控制
"
rely on,"v. 依靠；信赖
"
revolve around,"v. 旋绕
"
ride out,"na. (船等)安然冲过风暴；平安渡过困难
"
ring off,"na. 挂断电话；〔美国〕停止说话；静默
"
ring up,"v. 在收款机上结算；一段时间内收入或损失的钱；打电话给
"
rip apart,"v. 扯破
"
rip off,"v. 剥削；抢劫；强奸；〈俚〉剽窃
"
rise above,"na. 凌驾…之上；超越…；摆脱
"
rise to,"un. 出人头地；在社会大显身手；满足；应付
"
rise up,"v. 升起
"
roll in,"na. (预约者,捐款等)滚滚而来；(浪)滚滚打来；大量进来；到达
"
roll up,"na. 卷起(袖子)；包卷；积贮；缩成圆球
"
root out,"na. “root up”的变体
"
rope in, <非正>说服（某人）（参与某项活动）; 拉拢; 笼络
round off,"na. 弄圆；使成熟；使完美；使圆满
"
round up,"na. 弄成圆球；使数目恰好；使成一个整数；赶在一块儿
"
rub it in,"v. 强调(某事)；指反复提及或特别强调一些令对方觉得尴尬的事
"
rule out,"na. 排除
"
run across,"na. “Come across”的变体
"
run away with,"na. 拐走；带着…逃跑；贸然接受(别人意见等)；消耗(金钱时间等)
"
run down,"na. 下乡；(钟表等)停止；衰弱；赶上(人,猎物)
"
run into,"na. 冲进；(河)注入(海)；撞上；到达
"
run off,"na. 逃走；流出；(火车等)出轨；越轨
"
run off with,na. 继续作用[有效]；说个不停；【印刷】印完；(排印材料)不另行
run out,"na. 耗尽；用光；过有效期；失效
"
run out of,"na. 用光…
"
run over,"v. 轧过；碾过；演练；排练
"
run through,"na. 穿过；匆匆忙忙看一遍；不间断地排练；花光
"
run to,"na. (数量等)达…；陷于(毁灭,衰亡等)
"
run up,"na. 抬高(市价等)；升(旗等)；造；增加(费用,债款等)
"
run up against,"na. 碰上；忽然碰上[碰到]
"
rush out,"na. 赶制出来
"
save for,"v. 除了…而外；例外
"
save up,"na. 同“save”；贮(蓄)
"
scale down,"na. (按比例)缩减；【无线】分频；“scale back”的变体
"
scrape by, 勉强度日；勉强维持；勉强过日子
scrape through,"na. 好容易完成；(考试)勉强及格；勉强对付过去；勉强通过
"
scrape together,"na. 一点一点地贮蓄；设法凑拢
"
scrape up,"na. 一点一点地贮蓄；设法凑拢
"
screw up,"na. 拧紧；钉上；卷成螺丝状；扭歪(嘴,脸等)
"
seal off,"na. =seal up.；熨开；脱焊
"
see about,"na. 注意；查看；查询；留意于
"
see eye to eye,"na. 看法一致
"
see off,"na. 送行；送别；告别；赶走
"
see out,"na. “see through”的变体
"
see red,"na. 勃然大怒
"
see through,"na. 看穿；看透；识破；办好某事
"
see to,"na. 注意；留心；当心；检查
"
see to it that, 保证；务必；务必要
seek out,"na. 找出；寻求；想获得
"
seize on,"na. 猛扑；袭击；利用；采用(提议)
"
seize upon,"na. 猛扑；袭击；利用；采用(提议)
"
seize up,"v. 强征…入伍；停止转动
"
sell off,"na. (打折扣)销完；卖清(存货)
"
sell on,"na. 〈非正式〉使…接受；说服(某人)…；倒卖
"
sell out,"na. 卖完；脱销；背叛；〈美口〉欺骗
"
sell up,"na. 拍卖；变卖(债务人的财产以抵债)
"
send away,"na. 撵走；开除；解雇；把…送到远处
"
send for,"na. 派人去叫[请]；遣人去拿；乞求
"
send in,"na. 拿出；提出；递(名片)；送
"
send off,"na. 寄出；发出；送走；打发
"
send for,"na. 派人去叫[请]；遣人去拿；乞求
"
send up,"na. 弄上去；使上升；提出(报告等)；传递(球等)
"
serve out,"na. 分给；分配(食粮等)；端出(饭菜等)；斟(酒等)
"
serve up,"na. 端出(饭菜等)；上(菜)；同“serve”
"
set about,"na. 动手；开始；下手；着手
"
set against,"na. 比较；对照；使对抗；使反对
"
set apart,"na. 分开；分离；留出(充当别用)
"
set aside,"na. 搁置；拨出；驳回
"
set back,"na. 阻碍；延迟；〈非正式〉花费
"
set down,"na. 记入；登记；定；设
"
set fire to,"na. 点燃；放火
"
set forth,"na. 公开；发行；公布；陈述
"
set free,"na. 释放；【化】使游离
"
set in,"na. 固定；停当；涨潮；进来
"
set off,"na. 分；分割；划开；区划
"
set on,"na. 前进；嗾使；挑唆；挑拨
"
set one's heart on,"un. 使得…垂头丧气；热衷；下定决心
"
set out,"n. 开始；出发；动身；准备
"
set up,"na. 建立；创立；发起；开办
"
settle down,"na. 定居；成家；移居；平静下来
"
settle for,"na. 满足于
"
settle in,"na. 定居；殖民；搬入(新住所)；使某人搬进(新住所)
"
settle into,"un. 安置安置；陷入
"
settle on,"na. 决定；选定；授与；赠与(财产,遗产等)
"
settle upon,"na. 决定；选定；授与；赠与(财产,遗产等)"
settle up,"na. 决定；解决；支付
"
sew up,"na. 缝拢；缝合；把…缝入；缝进
"
shake down, <美，口>彻底搜查; 勒索; 使因摇晃而下落; <英，非正> 适应新的生活环境[新的工作]
shade into, 逐渐变为；渐渐变为
shake off,"na. 抛弃(坏习惯)；摆脱(坏朋友)；推开；拆开
"
shake up,"na. 摇匀；摇动；抖匀(枕头等)；震动
"
shape up,"na. 发展；成形；具体化；显示…的倾向
"
shoot down,"na. 〈口〉严厉谴责；〔俚语〕驳倒；射落；打下来
"
shoot up,"na. 上冒；喷出；欣欣向荣；猛长
"
shop around,"na. 到处选购；到一家一家店铺访求[买东西]；〈美〉找事[好职位]
"
shout down, 以喊叫声压倒对方；用叫喊声淹没；用喊声压倒
shove off,"na. (拿篙子)把船撑开；〔美俚〕乘船离开；走掉
"
show off,"na. 卖弄；〈贬〉自以为是；趾高气扬；炫耀
"
show up,"na. 显眼；揭发；嘲笑；露面
"
shrug off,"na. (耸肩)表示轻蔑[不屑]；摆脱；扭身脱掉(衣服)
"
shut away,"un. 把…卸下来；不让
"
shut down,"na. 关闭；关拢(窗等)；停业；禁止
"
shut in,"na. 监禁；围住；遮住；迫近
"
shut off,"na. 阻断；使隔开
"
shut out,"na. 不让进来；遮得看不见；【棒球】不让得分
"
shut up,"na. 关住；监禁；密封；停止
"
sign away,"na. 在证书上签字让与(财产等)
"
sign for,"na. 签收
"
sign in,"v. 签到；登记；当你归还某项借出的物品时；在名单上签字以获得入场资格
"
sign off,"na. 广播结束(时的用语)；停止工作
"
sign on,"na. 签字聘用[就聘]；签字承认；作工作记录
"
sign up,"na. 同“sign”
"
sign out, 登出；退出；注销
sit around, 无所事事；坐着没事干；闲坐
sit back,"na. 松劲休息；不活动
"
sit by,"na. 袖手旁观；坐在一旁
"
sit up,"na. 【体】仰卧起坐
"
size up,"na. 够标准；估量；〔口语〕品评
"
sketch out,"v. 拟订出
"
sleep off,"na. 睡过(时候)；睡掉(忧愁等)
"
sleep through, 未被吵醒；睡过了；惊醒
slip in,"un. 溜下；不声不响地走进去；出差错
"
slip through,"un. 溜出去；漏出去
"
slip up,"na. 滑一跤；〔美国〕弄错；失败
"
slow down,"na. 闲下来；减缓；放慢速度；减速
"
slow up,"na. 减缓；“slow down”的变体
"
snap out of,"un. 怒气冲冲；震飞
"
snap up,"na. 咬住；突然插嘴
"
sniff out,"na. 闻出；〈非正式〉发现
"
sort out,vt.& vi. 把…安排妥当; （从…中）区分出来，辨别出来; 分类; 整理; 整顿; 解决
space out,"na. 加宽行间[词间]间隔排匀
"
speak for,"na. 代表…讲话；订购；要求得到
"
speak out,"na. 大声讲；老老实实讲
"
speak up,"na. “speak out”的变体
"
speed up,"na. 加快(机器等的)速度；使加紧做
"
spell out,"na. 详细说明；【印】正式拼写
"
spin out,"na. 拖延；使(钱等)勉强再维持一段时间；磨度过；使汽车作回形滑行
"
spit out,"na. 同“spit”
"
split up,"na. (使)分裂；〔美俚〕吵架；同“split”
"
spread out,"na. 张开；铺开；扩张；同“spread”
"
spring up,"na. 跳上来；发生；萌芽；出现
"
square off,"na. (拳击中)摆好架势
"
square up,"na. 清账；【拳击】摆好进攻架势
"
stab in the back, 背后插刀；背后捅刀子；背后中伤
stamp on,"na. 拒绝
"
stamp out,"na. 踏灭(火)；扑灭(暴动等)
"
stand a chance of,"un. 想尽办法；可能
"
stand by,"na. 袖手旁观；站在旁边；待机；等待
"
stand down,"na. 【法】退出证人席位；暂时辞退；【军】不在值勤中
"
stand for,"na. 〈口〉忍耐；忍受；主张；拥护
"
stand in,"na. 加入；〈口〉使花费
"
stand off,"na. 〈美〉疏远；延期；离着；【航】离岸行驶
"
stand out,"na. 突出；显著；不参加战争；抵抗到底
"
stand up,"na. 站起来；持久；露头角；〔美俚〕背约
"
stand up for,"na. 拥护
"
stand up to,"na. 抵抗；反抗；反对；经得起
"
stay on,"na. 赖着不走；保持
"
stay out,"na. 不干涉；(在外头)不回家；不在家；坚持到
"
stay put,"na. 安装牢固
"
stay up,"na. 不去睡觉；不沉
"
steam up,"na. (玻璃)蒙上蒸汽而模糊；制造蒸汽；〈口〉拿出精神；鼓励
"
steer clear of,"na. 机灵地脱身
"
step aside,"na. 走到一旁；避到一旁；让给别人；走错路
"
step down,"na. 走下；退出；【电】下降；辞退
"
step down,"na. 走下；退出；【电】下降；辞退
"
step in,"na. 调停；介入；挤进；走进
"
step up,"v. 加紧；走上前；登上；增加
"
stick around,"v. 粘在旁
"
stick at,"v. 对…有顾虑；继续做
"
stick by,"na. 忠于；留在记忆里
"
stick out for,"na. 不停地要求
"
stick to,"na. 忠于
"
stick together,"v. 粘合起来
"
stick up for,"na. 支持；维护；为…辩护
"
stick with, 坚持；继续支持；坚持做
stir up,"v. 转播；重播；搅拌；煽动
"
stock up,"v. 重新得到；找回；储存；储藏
"
stop off,"na. 中途下一下车；用砂填塞(铸模的一部)；〔英口〕进监牢
"
stop over,"na. 中途下车；暂留；住在海外；同“stop off”
"
strike off,"na. 斩去；删去；除去(利息等)
"
strike out,"na. 打去；打出(火花等)；涂去；拟出
"
strike up,"na. 挡起(敌手,刀剑)；(在金属上)浮雕；开始唱；定(约等)
"
string along,"un. 在幕后操纵；欺骗
"
string out,"na. (使)节目拖长；行列长达
"
strip off, 去掉[剥去]某物的表皮; <非正>揭开（伪装）; 脱掉（衣服）; 劈
suck up,"v. 吸收
"
suffer with, 遭受
sum up,"na. 〈口〉概括；总结
"
swear by,"na. “swear before”的变体
"
swear in,"na. 使宣誓就职
"
swear off,"na. 发誓戒掉
"
switch on,"v. 打开；接通；参见
"
switch off,"na. 不收听(某一广播)
"
tag along,"na. 〈非正式〉跟随；尾随
"
tail off,"na. “Tail away”的变体
"
take a chance,"na. 冒险一试
"
take a delight in,"喜爱,以…为乐"
take a fancy to,"na. 爱好
"
take a hand in,"na. 参加
"
take account of,"na. 考虑
"
take advantage of,"na. 乘；利用；欺骗；引诱(女人)
"
take after,"na. 尾随；仿效；像
"
take against,"v. 反对
"
take apart,"na. 分解；拆分；剖析
"
take away,"adj. 买回去的
"
take back,"na. 退回；收回(说过的话)；承认…是错的；拿回
"
take ... by surprise,"v. 突然惊吓
"
take care,"v. 当心；留心
"
take care of,"na. 照看；处理；清除
"
take care over,无
take charge of,"na. 看守
"
take cover,"na. 躲避；利用[凭]掩护物；隐蔽
"
take down,"na. 扯下；卷起；记下；卸下
"
take effect,"na. 有效验；生效
"
take exception to,"na. 对…提出异议
"
take ... for granted,"v. 想当然
"
take in,"na. 加以考虑；〔美国〕访问；收进；收容
"
take ... in one's stride,轻而易举地做某事
take ... into account,"na. 考虑
"
take ... into consideration,"v. 顾及
"
take it easy,"na. “take things easy”的变体
"
take note of,"na. 注意(到)
"
take off,"v. (飞机)起飞；出去；拿掉；移送
"
take on,"na. 担任(工作等)；较量；装(某种样子)；呈现(形势)
"
take one's breath away, 令人咋舌；大为惊讶；目瞪口呆
take out,"na. 取出；带出(散步等)；除去(污点等)；取得(专卖权等)
"
take over,"na. 接管；继承
"
take pains,"na. 费苦心；尽力
"
take part in,"na. 参加；贡献
"
take place,"na. 发生；举行
"
take stock of,"v. 鉴定；估计
"
take the place of,"na. 接替某人的位置
"
take to,"na. 嗜好；开始；参加；逃入
"
take turns,"na. 替换
"
take up,"na. 拿起；举起；拾起；给搭(火车等)
"
talk back,"na. 回嘴；反复重说；反唇相讥
"
talk down to,"v. 降低声调说
"
talk into,"na. 说服(某人)做…
"
talk ... out of, 劝阻；说服某人不做某事；强迫同意或决定不做
talk over,"na. 商谈；说服
"
tangle with, 争吵；纠葛；与…争吵
team up,"un. 配合
"
tear apart,"v. 弄乱；撕破
"
tear at,"v. 撕
"
tear away,"na. 撕掉；扯开；飞跑
"
tear down,"na. 拆毁；扯下；猛冲
"
tear into,"na. 跑进
"
tear up,"na. 撕碎；连根拔起；扰乱；跑上
"
tell a white lie, 说善意的谎言；善意地谎言；说一个善意的谎言
tell apart,"na. 辨别
"
tell off,"na. 数清；分派(工作)；【罕】编号；谴责
"
tend to,"v. 倾向于；有助于
"
think back,"un. 苦苦地思索；回忆
"
think back to, 回想；回想过去；回忆起
think of,"na. 想起
"
think out,"na. 想透；想出
"
think over,"v. 仔细考虑
"
think through,"na. 仔细考虑；全面考虑
"
think up,"na. 想出；〔口语〕发明
"
throw away,"na. 抛弃；浪费；拒绝(劝告)；失去(机会)
"
throw in,"na. 投入；发边界球；注入；插入
"
throw off,"na. 摆脱(习惯,拘束等)；抛弃；脱掉(衣服)；甩掉
"
throw out,"na. 投出；拒绝；否决(议案)；派出
"
throw up,"na. 呕吐；抛上；急造；丢弃
"
throw light on,"na. 弄明白
"
throw light upon, 阐明，使…清楚
cast light on, 映照；阐明；使明白
cast light upon,阐明;使人理解某事;使某事更为清楚 [亦作 shed (或 throw a flood of) light on (或 upon)]
tidy away,"un. 把(某物)收藏起来:
"
tie down,"v. 束缚
"
tie in with,"un. 牵制；与…联合在一起
"
tie up,"na. 绑；系；包扎；(船只)系泊
"
tighten up,"na. 同“tighten ”
"
tip off,"na. 向…透露消息，泄密；暗中通知某人；(把水等从器皿中)倒干净；使…掉下来；〈俚语〉杀死
"
tire out,"na. 使疲倦到极度
"
touch down,"na. 【橄】触地得分；【航】着陆；着陆过程中的一部分；着陆时间
"
touch off,"na. 正确地表现；草草写；添画；发射
"
touch on,"na. 说到
"
touch upon,"与...有关, 涉及..., 提到..., 提及, 谈及"
track down,"v. 追赶
"
trade in,"na. 用交换方式购入
"
trade off,"na. 卖出
"
trade on,"na. 利用(某人的)名声
"
trade upon,(为自私的目的)利用
trail away, 散去; （声音）逐渐变弱
trail off,"na. (声音)逐渐消失；“trail away”的变体
"
treat of,"un. (正式用语)论述；论及:
"
trip up,"na. 同“trip”
"
try on,"na. 试穿；〈非正式〉搞恶作剧(以试探能否被容忍)；〈非正式〉耍花招
"
try out,"na. (采用前)严密试验；筛矿；量(金属的)纯度
"
tuck away,"na. 藏起
"
tuck in,"na. 〈非正式〉大吃一顿；掖被子；塞入；折进
"
tuck up,"na. 折起一头；包；〔口语〕绞死(犯人)
"
tumble to,"v. 领会；了解
"
tune in to,"v. 拨；收听
"
turn a blind eye to,"na. 对…熟视无睹；假装不见
"
turn away,"v. 转变方向
"
turn back,"na. 同“turn down ”
"
turn down,"na. 翻下(衣领等)；扭小(灯火等)拒绝考虑；拒绝(某人)
"
turn in,"v. 向里弯曲
"
turn into,"v. 变成
"
turn off,"v. 关掉
"
turn on,"na. 转向；对…进行突击
"
turn out,v. （以某种方式）发生；最后是；结果是 （尤指天气突然）变得（晴好） 原来是；结果发现 出席;参加;前去观看关掉，熄灭（电灯、煤气等） 出席;参加;前去观看生产；制造 （尤指把某人从其长期居住处）撵走，赶出，逐出 翻出；倒出 出席；参加；前去观看
turn over,"na. ￡ 500 a week 每星期卖得五百镑
"
turn round,"na. 旋转；(忽然)转过身来
"
turn the tables,"v. 扭转形势；扭转局面
"
turn to,"v. 向(某人)求助；求助于
"
turn up,"v. 朝上翻；出现
"
use up,"na. 用完；耗尽
"
used to,"modalv. （用于过去持续或经常发生的事）曾经
v. 过去常常
"
vote in,"un. 否决；当选
"
wade through, 徒涉；艰难地通过；从河水中走过去
wait for,"na. 等；等待
"
wait on,"v. 等着
"
wake up,"na. 同“wake”；叫醒；醒来；振作起来
"
wake up to, 认识到；认识到…的重要性；意识到
walk out,"na. 出去；〔美国〕罢工；(丢开人)走掉
"
walk over,"na. (无竞争者时)独自走完(跑场)；轻易击败(对方)
"
walk up,"na. 使猎犬将(鸟等)惊飞
"
wall in,"un. 自我堵塞
"
warm up,"na. 加热；变暖；热中起来；【运】作准备动作
"
wash one's hands,"na. 洗手；〔委婉语〕上厕所；断绝…的关系
"
wash out,"v. 洗掉
"
wash up,"na. 饭后洗碗；洗脸；将…冲上岸；(出人意料地)出现
"
wave aside,"na. 挥手使站开；挥手拒绝[排斥]
"
wear away,"v. 消逝；磨损
"
wear off,"na. (精力)衰退；(衣服等)渐破
"
wear out,"na. 精疲力尽；用坏；穿破；磨破
"
win out,"na. 摆脱
"
win through,"na. 摆脱
"
win over,"na. 争取过来
"
win up,na. 起立；上马；登上
wind up,结束；使紧张；卷起；（非正式）忽悠某人（wind sb up）；上紧(钟、表等的)发条
wink at,"na. 对…使眼色；假装没看见
"
wipe out,"na. 擦去；【无线】遮蔽；遮蔽地域；【信】封闭
"
work at,"na. 从事；用功读
"
work on,"na. 对…有效[有作用]；动(人,感情等)；向…做工作；左右
"
work off,"v. 渐渐消除
"
work out,"v. 作出；拟定；制定；计划一下
"
work up,"na. 刺激；煽动；刻苦完成；展开(故事的情节)
"
worth one's salt,"na. 不是吃白饭的
"
wrap up,包裹；圆满完成；（使）穿得暖和（wrap somebody/yourself up）；注意力完全集中于……
write down,"na. 记下来；贬低；减低账面价值；把…拨作公积金
"
write off,"na. 注销(债款等)；报废；提笔就写(文章等)；减低资产账面额
"
zip up,"na. 打气
"
above all,"na. 最主要的；最重要的是
"
above board,"adj. 光明正大的
"
above one's head, 难以理解；高深莫测；超出某人的理解力
over one's head, 难以理解；难懂；太难了
according to,"prep. 根据；按照；据（…所说）；按（…所报道）
"
across the board,"adj. 全面的；定时播送的
"
after all,"na. 毕竟；终究；最后
"
ahead of,"prep. （时间、空间）在…前面；早于；领先
"
ahead of time,"na. 比原定提前地
"
around the corner,"na. (= 〔英国〕 round the corner)在拐角那里
"
round the corner,"na. 在拐弯的地方；在拐角处；在附近
"
at last,"na. 终于
"
at long last, 终于; 经过很多苦恼或麻烦之后; 总算; 算
as a matter of fact,"na. 事实上；事实是
"
as a result,"adv. 结果
"
as a rule,"na. 照例
"
as a whole,"na. (作为一个)整体
"
as far as,"na. 远到；就；尽；至于
"
as follows,"na. 如下；以下
"
as for,"na. 至于
"
as to,"na. 〈正式〉至于；说到
"
as much,"na. 同量的；同样地
"
as often as not,"na. “more often than not”的变体；往往
"
as regards,"na. 至于；提到
"
as well,"na. 也；同样
"
as yet,"na. 至今还
"
at a glance,"na. 一看就；初看
"
at a loss,"na. 无办法；(猎犬)失去猎物嗅迹；亏本地
"
at a time,"na. 一次(多少)；同时；曾经；连续
"
at all costs,"na. 无论如何
"
at all events,"na. 无论怎样；总之
"
at all times,"na. 不论什么时候；老是；时时
"
at any rate,"na. 无论如何；至少；总而言之
"
at ease,"na. 自由自在；=stand at ease.
"
at fault,"adv. 困惑；不知所措
"
at first,"na. 首先
"
at first glance,"adv. 初看起来
"
at first sight,"na. 乍看；一见就；乍看起来
"
at full blast,"na. 〈口〉全速；竭尽全力；最强烈地；猛吹
"
at hand,"na. 在手边；即将到来
"
at heart,"na. 内心里
"
at intervals,"na. 时时；处处；偶尔
"
at large,"na. 随便；拉杂地
"
at least,"na. 至少
"
at leisure,"na. 在闲暇中；从容不迫地；失业
"
at length,"na. 最后；充分地
"
at liberty,"na. 随意；(人,东西)闲着
"
at most,"na. 至多
"
at no time,"na. 从来没有
"
at one time,"na. 同时；曾经
"
at peace,"na. 和平；和睦；安心；安静
"
at present,"na. 目前
"
at risk,"un. 担风险
"
at sb.'s disposal,无
at the cost of,"na. 以…为牺牲
"
at the latest,"na. “at latest”的变体
"
at the mercy of,"na. 完全受…支配
"
at the moment,"na. “for the moment”的变体
"
at the risk of,"na. 冒着…的危险
"
at the same time,"na. 同时；另一方面；与此同时
"
at times,"na. 时时
"
at will,"na. 任意；随意
"
at work,"na. 做着；在工作；起着作用；运转中
"
at a pinch,"na. 在危急时
"
in a pinch,"na. 在危急时
"
behind bars,"na. 坐牢
"
behind the scenes,"na. 知道内幕；秘密地
"
behind the times,"na. 跟不上时代的；落在时代后面的
"
beside the point,"na. 达到目的；说服别人
"
beyond doubt,"na. 毫无疑问；无可置疑
"
beyond a doubt, 确实地；无可置疑；超过疑问就是毫无疑问
beyond all question,"na. 毫无疑问；一定
"
beyond belief,"na. 难以置信；非常
"
beyond measure,"na. 无可估量地；过分
"
beyond compare,"na. “beyond comparison”的变体
"
without compare,"na. “beyond compare”的变体
"
by accident,"na. 偶然 (opp. on purpose)
"
by all means,"na. 必定；千方百计；不惜一切；好的
"
by chance,"na. 偶然
"
by courtesy of,"na. 由于…好意
"
by degrees,"na. 渐次
"
by far,"na. (修饰比较级,最高级,表示数量,程度等)…得多；尤其；更
"
by heart, 牢记；凭记忆；熟记
by means of,"na. 以
"
by mistake,"na. 因错误
"
by no means,"na. 决不；并没有
"
by the book,"na. “by book”的变体
"
by the same token,"adv. 举证
"
by the way,"na. 见 way 条
"
by trial and error, 反复试验；不断摸索；尝试与失败
by turns,"na. 轮流
"
by virtue of,"na. 靠
"
by comparison,"na. 比较起来
"
in comparison, 相比之下；比较；比较起来
by contrast,"un. 相比之下；作对比；与此相反
"
in contrast,"adv. 相反
"
by leaps and bounds,"na. 飞跃地；连跑带跳地
"
in leaps and bounds,"un. 飞速地；飞跃；真快
"
except for,"na. 只有
"
for all,"na. 无论…怎样；虽有[无论]…仍然
"
for anything,"na. 给什么都(不干)
"
for certain,"na. 的确
"
for fear of,"na. 因为怕；唯恐
"
for fear that,"na. 生怕
"
for good,"na. 永久地
"
for good measure,"un. 作为额外增补
"
for nothing,"na. 徒然；白白；没有结果；免费
"
for one thing,"na. 第一〔表示列举〕；原因之一是
"
for one's part,"na. 至于某人
"
for short,"na. 简称
"
for that matter,"na. 〈口〉就此而言
"
for the moment,"na. “for this moment”的变体
"
for the present,"na. 眼前；暂且
"
for the record, 郑重声明；正式声明；记录在案
for the better,"na. (有)好转
"
for the sake of,"adv. 为了…起见
"
for the time being,"na. 暂时；一时；临时；在目前
"
in a mess,"na. 肮脏；混乱；困难
"
in a row,"na. 成一排；连续
"
in a sense,"na. 在某种意义上；有一点儿
"
in a way,"na. 在某一点上
"
in a word,"na. “in a few words”的变体
"
in abundance,"adv. 充足
"
in accord with,"un. 符合；与…和谐；一致；与…观点一致
"
in addition,"na. 加之
"
in addition to,"na. 加之
"
in advance,"na. 预先；在先头
"
in all,"na. 总计
"
in all probability,"na. 大概
"
in answer to,"na. 作为对…的回答
"
in any case,"na. 无论如何；横竖
"
in any event,"na. “at all events”的变体
"
in between,"na. 在…期间；在中间；每隔…
"
in black and white,"na. 白纸黑字；书面的
"
in brief,"na. 简单地说
"
in bulk,"na. 大批；不加包装
"
in business,"un. 没有必要；经商
"
in case,"na. 以防万一；作为准备；如果；免得〔用作连词〕
"
in case of,"na. 要是
"
in character,"na. (在)性格上；正合担任[扮演]；适当
"
in charge of,"na. 受托…的
"
in check, 在控制中，被阻止，（象棋中）（敌方主帅）处于被将军地位
in cold blood,"na. 蓄意地(而非出于一时冲动地)；残忍地；冷静地；若无其事地
"
in collaboration with,"na. 与…合作[合著,合编]；与…勾结
"
in common,"un. 和…有相通之处；公有
"
in comparison with,"na. 和…比起来
"
in concert,"na. 异口同音地；齐
"
in confidence,"na. 秘密地
"
in conjunction with,"na. 与…共同；连带着
"
in connection with,"prep. 与…相关
"
in consequence,"na. 因此
"
in consequence of,"na. 因为…的原故
"
in consideration of,"na. 因；以作…的谢礼
"
in contrast to,"un. 相形之下；与…相比；与…相反；与…对比
"
in contrast with,"na. 和…成对比；和…大不相同
"
in control of,"na. 由…控制(住)
"
in debt,"un. 背上了债；负债；欠款
"
in default of,"na. 因无…
"
in defiance of,"na. 无视
"
in demand,"un. 要求；抢手
"
in depth,"na. 广泛
"
in detail,"na. 详细
"
in disgrace,"na. 失宠；丢脸
"
in dispute,"na. (在)争论中的
"
in doubt,"na. 感到疑心；被怀疑
"
in due course,"na. 及时；顺次；及时地；到一定时候
"
in duplicate, 一式两份；一式二份；一式两联
in earnest,"na. 诚挚
"
in effect,"na. 实际上；总之；有效
"
in essence,"na. 本质上；大体上
"
in evidence,"na. 明显的
"
in excess of,"na. 超过
"
in fact,"na. 事实上；总之
"
in fashion,"na. 时新的
"
in favor of,"na. 赞成；有利于；付与
"
in force,"na. 大举；有效
"
in full,"na. 详细地(填写姓名等)；全部地
"
in full blossom,"na. 盛开
"
in full swing,"na. “in full activity”的变体
"
in general,"na. 一般；大体上
"
in good faith,"na. 真诚地
"
in half,"na. 成两半
"
in hand,"na. 现有；(工作)正在进行；控制住
"
in harmony with,"un. 协调一致地；跟…调和；和衷共济；与…相合
"
in haste,"na. 急着；急忙地；仓促地
"
in honor of,"na. 向…表示敬意
"
in hot pursuit,"na. 紧追；穷追
"
in itself,"na. 本身；实质上；“in itself/of itself”的变体
"
in kind,"na. 用实物；以同样的方法(回敬)；性质上
"
in league with,"na. 与…同盟[联合,有好感]；同…勾结[沆瀣一气]
"
in line with,"na. 和…成一直线；〔美国〕和…一致
"
in luck,"un. 不凑巧；交好运
"
in memory of,"na. 纪念…
"
in no case,"na. 决不
"
in no time,"na. 立刻
"
in no way,"na. 决不
"
in one's own right,"na. 依据自己的权利；依据自己生来应有的权利
"
in operation,"na. 活动着；运转着；施行着
"
in order,"na. 整整齐齐；合规则；情况正常；健康
"
in order that,"na. 以便
"
in order to,"na. 为了；从而；以便
"
in other words,"na. 换句话说
"
in part,"na. 一部份地；有几成；在某种程度上
"
in particular,"na. 特别；一一
"
in person,"na. 亲自；身体上；外貌上
"
in place,"na. 得其所；适当的
"
in the future,"adv. 今后
"
in practice,"na. 事实上；在实践中；在不断练习中；练习充足
"
in print,"na. 已出版的；(书等)在出售中的；(书等)尚有供应的
"
in private,"na. 秘密地
"
in proportion to,"na. 与…成比例；与…相称；按…的比例(越…越…)
"
in public,"na. 公然
"
in quantity,"na. 很多
"
in question,"adj. 在谈论中
"
in reality,"na. 事实上；实在
"
in relation to,"na. 关于…
"
in response to,"na. 应…而
"
in return for,"na. 作…的报酬[回礼]
"
in reverse,"na. 相反；【军事】在阵后
"
in ruins, 成为废墟；一片废墟；成废墟
in sb.'s debt,无
in sb.'s presence,无
in sb.'s shoes,无
in search of,"na. 寻找；去找；追求；为了寻求
"
in season,"na. (水果等)正旺；当令；应时；时机正好的
"
in secret,"na. 秘密地；偷偷摸摸地
"
in short,"na. 简单地说；总之
"
in sight,"na. 看得见；“in/within sight”的变体
"
in so far as,"na. 到…的程度；只要；(表示程度,范围)就…
"
in spite of,"na. spite of 不管；〔古语〕无视
"
in step,"na. 齐步；“in/into step”的变体
"
in stock,"na. 有货
"
in store,"na. 准备着
"
in strength,"na. 人多势众地
"
in sum,"na. 总之
"
in summary,"adv. 扼要
"
in tears,"na. 流着泪
"
in terms of,"na. 依…；从…方面；用…特有的字眼
"
in that,"na. 因为；以…的理由
"
in the abstract,"na. 抽象地
"
in the act of,"na. 正在动作时；当场
"
in the air,"na. (计划等)悬着；在空中；(谣言等)流传；【军】无掩护的
"
in the balance,"na. 犹豫未决
"
in the course of,"na. 在…之中
"
in the distance,"na. 在远处；在很远的那边
"
in the end of,"在……的最后
在……结束时"
in the event that, 如果；万一；假使
in the extreme,"na. “in extreme”的变体
"
in the face of,"na. 不避；不管；〈英〉在…前面；面临
"
in the first instance,"na. “in the first place”的变体
"
in the first place,"na. 首先；第一
"
in the flesh,"na. 亲身；以肉体形式；活着的
"
in the habit of,"un. 养成习惯；一向；总得；动不动就
"
in the interest of,"na. 为了…的利益
"
in the light of,"na. 按照；以…的模样；当作…
"
in the long run,"na. 归根到底；“in the long run/term”的变体
"
in the main,"un. 〔交〕干线；(水电的)总干线；〔船〕主桅；就大体而言
"
in the midst of, 在…当中，在…中间；意思是在某一进程之中；正当…的时候
in the name of,"na. 凭…的名；为…的缘故；作…的代表
"
in the raw, 裸体的；处在自然状态的；处于自然状态
in the red,"n. 负债
"
in the right,"adv. 有理
"
in the short run,"na. 在短期内；从短期看
"
in the vicinity of,"na. 在…附近；靠近…的；在…上下；在…左右
"
in the wake of,"na. 在…后接踵而来；在后追随
"
in the wind,"na. 将要发生；将要成问题；未决定；【航】喝醉
"
in the wings, 在后方；在观众视线以外的舞台两侧；已准备就绪的
in the world,"na. 在世界上；究竟
"
in the wrong,"na. 不对；不正当
"
in the way,"na. 在路上；妨碍
"
in sb.'s way,无
in time,"na. 经过一段时间以后；早晚；在恰好的时候；和…合拍
"
in total,"adv. 全部；完全
"
in touch with,"na. 取得[保持]联系；同情
"
in transit,"na. 运输中
"
in trouble,"na. 为难；被捕；未婚怀孕
"
in truth,"na. of a truth 真正；说实在话
"
in tune with, 协调；与…和谐；适合
in turn,"na. 挨次
"
in vain,"na. 无益地；轻慢地
"
in view of,"na. 鉴于；为要；在…能看见的地方；估计[预料]到才
"
in vogue,"adv. 时髦；正在流行
"
in the circumstances,"na. 远不及
"
under the circumstances,"na. 在这种情形下
"
incapable of,"adj. 不会
"
inside out,"na. 彻底地；从里面翻到外面
"
like a shot,"na. (像子弹一样)快
"
like crazy,"na. 〈非正式〉疯狂地；拼命地；非常迅速地
"
like hell,"na. 不顾死活地；哪有这种事
"
of a kind, 同类的；同一类的；徒有其名的
of necessity,"na. 必然；不得已；不可避免地
"
of no account,"na. 不重要的
"
of one's own accord,"na. 自愿地
"
of sorts,"na. =of a sort.；各种各样的
"
off and on,"na. 断断续续；偶尔；(航海)时而靠岸时而离岸地；不规则地
"
off balance,"un. 偿清债务；趔趄
"
off duty,"na. 下班；在工作时间外
"
off one's guard,"na. 疏忽
"
off the air,"un. 广播中止；没发射
"
off the hook,"un. 齿轮脱开
"
off the record,"na. 不得发表的；不可以公开的；非正式的
"
on a diet,"adj. 在节食
"
on account of,"na. 因为
"
on and on,"na. 不停地
"
on approval,"na. (商品)供试用的
"
on board,"na. 在船上；〔美国〕在车上；〈口〉【棒】出垒
"
on business,"na. 因公
"
on cue, 恰好在这个时候；恰好在这时候；就在这个时候
on demand,"na. 请求即
"
on earth,"na. 到底；在地球上；全然
"
on edge,"na. 易怒；急切；竖着
"
on end,"na. 继续；竖着
"
on file,"na. 合订成册
"
on fire,"na. 燃烧着；兴奋着
"
on hand,"na. 现有；〈美〉出席；〈美〉在近处
"
on impulse, 一时冲动；一时心血来潮；冲动的
on loan,"na. 出借
"
on no account,"na. … on any account 决不
"
on occasions, 不时地；有必要时；在…场合
on one's conscience, 引起某人悔恨的；使内疚；良心上
on one's guard,"na. 警戒
"
on one's own,"na. 独自地；独立地；凭自己力量；主动地
"
on order,"adj. 已定购
"
on paper,"na. 纸上；统计上；理论上
"
on purpose,"na. 故意；意欲
"
on record, 记录在案的；记录在案；记录下来的
on sale,"na. 出售的；上市的；出售(的)；廉价出售(的)
"
on schedule,"na. 按时；按时间表；按照预定计划
"
on that score,"na. 因此；在那一点上；“on that/this score”的变体
"
on the average,"na. 平均；一般说来
"
on an average,"na. 平均；一般说来
"
on the air,"na. 广播中；(正在)广播；哭着；闹着
"
on the alert,"na. 警惕
"
on the blink,"na. 坏了；喝醉的；(机器等)出毛病；(人)不舒服
"
on the brink of,"na. 即将要
"
on the button,"na. 击中下颌；准确；准时；确切
"
on the contrary,"na. 反之
"
on the fence,"na. 犹豫未决的；中立的
"
on the go,"adj. 〈口〉忙忙碌碌的
"
on the grounds of,"na. 根据
"
on the hour,"na. 准时地；按整小时地
"
on the house,"na. 主人开销的
"
on the increase, 在增加；正在增加；正在增长
on the move,"na. 一直在动；开始活动；(事件)正在发展；动着
"
on the part of, 就…而言，在…一边，由…表现出来的，由…所经历的，由…所作出的
on the point of,"prep. 正要N；将要N
"
on the quiet,"na. 私下；偷偷
"
on the run,"na. 跑着
"
on the side,"na. 顺便；作为副业；〔美口〕略略添上
"
on the sky,无
on the spot,"na. 当场；立刻；【商业】用现货[现款]；(人)准备妥当
"
on the spur of the moment,"na. 一时兴起[冲动]；当场
"
on the strength of,"na. 依赖
"
on the table,"na. 公开地；摆在桌面上；在桌子上
"
on the threshold of,"na. 在…的开头
"
on the verge of,"na. 将近(几岁)；即将…
"
on the whole,"na. 整体上说
"
on thin ice, 如履薄冰；履於薄冰；步履薄冰
on time,"na. 按时；及时
"
on top,"na. 在上；〔英国〕在(双层公共车辆的)顶座；成功；占优势
"
on behalf of,"na. 替；为…的利益
"
on the behalf of, 代表；为了
in behalf of,"na. 为…
"
in the behalf of,无
on oath,"na. 发誓
"
under oath,"na. 发誓
"
on one's honor, 以名誉担保
on one's honour,"na. 以名誉担保
"
upon one's honor,无
upon one's honour,以名誉担保，这的确属实
out of breath,"na. 大喘气
"
out of character,"na. 不适当[适合]
"
out of condition,"adj. 情况不佳
"
out of control,"na. 失去控制
"
out of date,"adj. 过时的；缺乏新信息的；陈腐的；失效的
"
out of fashion,"adj. 过时
"
out of hand,"na. 即时；脱手；告终；难对付
"
out of joint,"na. 脱节；纷乱；不协调；不满
"
out of line,"na. 不一致；不成一直线
"
out of luck,"un. 交好运；时运不济
"
out of one's depth, 在水深没顶的地方; 超出了某人知识[理解力]的范围; 束手无策
out of order,"na. 杂乱无章；不合规则；情况反常；有故障
"
out of place,"na. 不得其所的；不适当的；不相称的；碍事的
"
out of pocket,"adj. 亏损的；赔钱的；白花钱的；拮据的
"
out of practice,"na. 久不练习
"
out of print,"na. (书等)已脱销；已绝版
"
out of question,"na. 不在考虑之列；根本不可能
"
out of season,"na. 过时的；失去时机；过了旺季；在禁猎期
"
out of sight,"adv. 无影无踪
"
out of sorts,"na. 觉得不舒服；情绪不好；没有精神；【印刷】铅字不全
"
out of step,"na. 错了步伐
"
out of stock,"na. 售完
"
out of the way,"na. 向旁边；让开；迷失；误
"
out of touch with,"na. 和…没有通信；和…不一致
"
out of tune with, 不融洽；格格不入；与……不一致
out of use,"adv. 不使用
"
out of work,"na. 失业；(机器等)有毛病
"
outside of,"prep. 在…外面
"
round the clock,"na. 昼夜不停；整天整夜；昼夜不停地
"
to a certain extent,"na. “to a certain degree”的变体
"
to advantage,"na. (因比较或衬托而)更加
"
to all appearances,"na. 显然；没有不像…的
"
to date,"na. 至今
"
to death,"na. 到极点
"
to excess,"na. (吸烟)过度
"
to one's knowledge, 据某人所知；据…所知；就某人所知
to one's credit, 值得赞扬；为……带来荣誉；在……名下
to some degree,"adv. 多多少少
"
to the best of one's ability,"na. 竭力
"
to the contrary,"na. 反对地
"
to the core,"na. 到心
"
to the effect that, 大意是；大意是说；主要内容是
to the fore,"na. 在前面；在场；立即有用；(钱等)在手边
"
to the letter,"na. 严格按照字句；详细知道；了如指掌
"
to the point,"na. 露骨；中肯
"
to the tune of,"na. (￡5) 达(5镑)之多
"
under control,"un. 失去控制；被控制住；克制；在控制之下
"
under cover,"na. 在掩蔽之下
"
under fire,"na. 在炮火下；受到攻击；在弹雨下
"
under no circumstances,"na. 无论如何不
"
under one's breath,"na. 小声
"
under the weather,"na. 〈非正式〉身体不适；不太舒服
"
under way,"na. 进行着；【航海】航行中
"
up against,"na. 面临；遭遇(障碍等)
"
up in the air,"na. 悬而未决的
"
up to,"na. 干(着)；到；胜任；…的责任
"
up to date,"adj. 现代的；最新的；时髦的；新式的
"
up to the minute,"na. 最新的
"
with a view to,"prep. 为了
"
with one accord,"na. 一致地
"
with reference to,"na. 关于
"
with respect to,"na. 〈正式〉考虑到
"
with regard to,"na. 关于；对于；为了答复；“in/with regard to”的变体
"
in regard to,"na. “in regard of”的变体
"
within reason,"un. 就情理上讲；合情合理
"
a bit,"na. 有点儿〔作副词用〕
"
a case in point,"na. 范例
"
a far cry,"na. 距离很远；大不相同；远距离；悬殊很大的东西
"
a good deal,"na. “a deal”的变体
"
a great deal,"na. 很多
"
a good many,"na. 很多的
"
a great many,"na. 很多的
"
a number of,"na. 若干；〔口语〕=numbers of 许多的
"
a piece of cake,"na. 轻而易举的事
"
a sea of,"det. 一片；大量
"
a variety of,"det. 种种；形形色色
"
again and again,"na. 再三再四
"
all along,"na. 一直都；一路；始终；一贯
"
all at once,"na. 忽然；突然
"
all but,"na. 几乎跟…一样
"
all in all,"na. 全部；完全；第一
"
all manner of,"na. 各色各样的(人,东西等等)
"
all of a sudden,"na. “all at once”的变体；突然
"
all over,"adj. 满
n. 全花织物
"
all over again,"adv. 重新
"
all the same,"na. 依然；“all/just the same”的变体
"
all the time,"na. 始终；〔美国〕老是
"
all the way,"na. 路上一直；老远；〈美〉(从…到…)逐一
"
all the while,"na. 始终
"
all things considered, 从整体来看；就各方面而言；总而言之
all thumbs,"na. 笨拙的
"
and so on,"na. “And so forth”的变体
"
and so forth,"na. 等等；云云；“and so on/forth”的变体
"
anything like,"na. 全然(没有)；像…那样的
"
apart from,"prep. 除了…外（都）；要不是；除了…外（还）；此外
"
arm in arm,"na. 臂挽着臂
"
as if,"na. 彷佛；活像
"
as though,"na. 好像；见 well 条
"
as it is,"na. “As it stands”的变体
"
as it were,"na. 如同；可以说是；好像
"
as opposed to,"adv. 相反于
"
as soon as,"na. 一…就；见 soon 条
"
as long as,"conj. 只要
"
so long as,"na. 只要；“as/so long as”的变体
"
aside from,"na. 暂置不论；加之；除…外
"
back and forth,"na. 来回地
"
better off,"adj. 富有的；富裕的；境况良好
"
black and blue,"un. 遍体鳞伤；浑身发青；青一块、紫一块；孝服
"
but for,"na. 要不是；除…而外
"
by reason of,"na. 凭…的理由
"
capable of,"na. (事物)可以…的；能…的；易…的；(人)敢于…的
"
day and night, 夜以继日地， 日夜; 不舍昼夜; 日日夜夜; 白天黑夜
day off,"n. 休假日；休息日
"
due to,"un. 由于；预定；因为；亏
"
even as,"na. 正如；正在…时
"
even if,"na. 即使…也
"
even though,"na. “even if”的变体
"
even so,"na. 即使如此；确是那样；〈古〉正是那样
"
every now and then,"na. 间或
"
every other,"na. 每隔；所有其他；每隔一；其他的…都
"
every so often,"na. 不时
"
far and wide,"na. 遍；到处
"
far from,"na. 远离；决不
"
first and foremost,"na. 首先
"
hand in hand,"na. 手拉手；联合
"
head over heels,"na. 倒栽葱；完全
"
here and now,"na. 就在此时此地
"
here and there,"na. 到处；零零落落
"
how come,"na. 为什么?
"
I dare say,"na. 大概；我想；我看(大概)
"
if only,"na. 只要；只要…就好了
"
just about,"na. 正是…附近
"
just as well,"adv. 同样；完全一样
"
just now,"na. 刚才；正在
"
kind of,"na. 有点儿；有几分
"
least of all,"na. 尤其是
"
little by little,"na. “by little and little”的变体
"
more often than not,"na. 通常
"
more or less,"na. 有几分；约；或多或少；一点也…
"
much as, 虽然；多达；非常像
neither ... nor, 既不……也不；两者都不；均不
neither here nor there,"na. 无关紧要；不得要领；不相干；没有关系
"
next to,"prep. 紧邻；在…近旁；仅次于；紧接
"
no doubt,"na. 无疑地；〈口〉很可能
"
no end,"na. 非常
"
not have a leg to stand on, （论点等）站不住脚， 对行为无合理的解释等
no less than,"prep. 多达
"
no longer,"na. 不再
"
no matter how,"na. 不管怎样
"
no matter what,"na. 不管怎什么
"
no matter which,"na. 不管怎哪一个
"
no sooner ... than,"na. 才…(就)
"
no wonder, 难怪；怪不得；不足为奇
none but,"na. 只有；除…以外谁都不
"
none other than,"na. 正是；而是；恰恰是
"
none too,"adv. 并不；一点也不
"
not in the least,"na. 一点也不
"
not only ... but also ..., 不仅……而且；不但而且；两个不仅……而且
not so much ... as ...,"conj. 甚至不
"
not to be sneezed at,"na. 值得考虑
"
not to mention,"na. …不用说
"
nothing but,"na. 不外；〔美国〕〔加强语气〕的确
"
now that,"na. 由于
"
nowhere near,"na. 远远没有；总不如(那么好等)
"
odds and ends,"n. 零碎；琐碎的东西；小玩意
"
on condition that,"na. 在…的条件下
"
once and for all,"ph. 一劳永逸地
"
once in a while,偶尔；有时（等于every once in a while）
once more,"na. 再一次；“once again/more”的变体
"
once again,"na. 一再；再一次；“once again/more”的变体
"
once upon a time,"na. 从前；很久很久以前；古时候
"
one another,"pron. 互相
"
one way or another,"na. 以某种方式；想方设法；无论如何；(好歹)设法
"
only too,"na. 极；实在；可惜；“all/only too”的变体
"
or else,"na. 不然
"
or so,"un. 与其说…不如说…；大约
"
other than,"na. 与…不同；除了
"
over and above,"na. 远远超过…以上；加之；除…以外
"
over and over again,"na. 翻来覆去
"
pie in the sky, 天上的馅饼；天上掉馅饼；空头支票
poles apart, 截然相反; 天差地远; 判若云泥; 天渊
prior to,"adj. 前于
"
quite a few,"na. 很多；许多；相当多
"
rather than,"na. 而不
"
relative to,"adj. 有关
"
safe and sound,"na. 平安无恙
"
second to none,"na. 最好的；第一流的
"
seeing that,"na. “seeing”的变体；“seeing as/that”的变体
"
shoulder to shoulder,"na. 密集；并肩；协力
"
side by side,"na. 并排着
"
so and so,"na. 某某
"
so as to,"na. (= in order to) 以便；为使
"
so far,"na. 就是那么些；到现在为止；到目前(此地)为止；就此范围来说
"
so that,"conj. 因此；以便
"
so to speak,"na. “so to say”的变体
"
so ... that,"所以,因而"
so ... as to,"na. (= in order to) 以便；为使
"
something of,"na. 在某种意义(或程度)上
"
sooner or later,"na. 迟早；早晚
"
sort of,"adv. 有几分地
 （想不出恰当的词或不知下面该怎么说时用）可以说，可说是"
spot on,"adj. 完全正确；对极了
"
step by step,"na. 一步一步；切切实实
"
sure enough,"na. 果然；果真
"
that is to say,"na. “that is”的变体
"
the moment that, 一…就
the more ... the more,越...越...
the rank and file,"n. 普通士兵；普通成员
"
the same as,"adj. 与…同样
"
then and there,"na. 当时；在当时当地
"
there and then,"na. “then and there”的变体
"
through and through,"na. 完完全全；彻头彻尾
"
time after time,"na. 常常；反复
"
time and again,"na. “time after time”的变体
"
to be on the safe side, 出于安全考虑；以防万一；为了保险起见
to begin with,"na. 首先；本来〔插入语〕
"
to go, 去；走；外带
to say nothing of,"conj. 更不用说
"
to say the least,"na. 至少可以这样说
"
to spare, 免受；多余；多余的
to start with,"na. 首先
"
together with,"na. 和…一起[合起来]
"
what about,"un. 不；…怎样
"
what if,"v. 应如何
"
what is more,"na. 加之
"
what is worse,"na. 更坏的是
"
wide of the mark,"na. “beside the mark”的变体
"
word for word,"adv. 逐字翻译
"
would sooner,"v. 宁可
"
worn out,"adj. 破烂不堪的；废旧的；疲惫不堪；精疲力竭
"
worthy of,"adj. 值得的
"
wound up,"na. “wind up”的过去分词和过去式
"
