10% discount,无
50% off,无
a balance of nature,无
a beach person,无
a bunch of,"det. 一束
"
a chunk of,无
a complicated question,无
a couple of,"det. 一对
"
a flash of,无
a foot of,无
a group of,"det. 一群
"
a heavy line,无
a heavy schedule,无
a herd of,"det. 一群
"
herds of,"成群,大量(指人时含蔑视意义)"
a lack of,"det. 缺乏
"
a matter of time, 时间问题；花落花开；迟早的事
a money order,无
a pay raise,加薪
a phone call away,无
a portion of,"na. 一部分地
"
a ... portion of,"na. 一部分地
"
a range of,"det. 一大片；一排
"
a series of,"na. 一系列；许多
"
a train schedule,无
a flight schedule,无
a vertical line,无
a waste of,"det. 浪费
"
a while back, 不久以前；前阵子；不久前
abnormal behavior,"n. 〔社〕变态行为
"
above all,"na. 最主要的；最重要的是
"
absolute advantages, 绝对优势理论
academic advisor, 学业导师；学业顾问；学术顾问
academic calendar, 校历；大学年历；校历表
academic schedule,无
access to, 接近；进入；通向…的入口
according to,"prep. 根据；按照；据（…所说）；按（…所报道）
"
account for,"na. 证明；由于；说明(银钱等的)用途；打死
"
acquaint ... with,"na. 把(事实)告知(某人)
"
adapt to,"na. 使(自己行动)配合(同伴)
"
adapt ... for,"un. 借鉴；适用于
"
advance in,"v. 在…方面发展；在…上前进
"
advanced degree, 高等学位；高学历；进阶学位
adverse aspect,无
Advertising Topic,无
afford to,（有条件）做；能承担；买得起某物；支付的起
afford to do sth., 负担得起做某事；付得起；有能力
after all,"na. 毕竟；终究；最后
"
ahead of schedule,"na. 比预定时间早
"
air currents,【流体力学】(空)气流；风
air pressure,"na. 风压；气压
"
all along,"na. 一直都；一路；始终；一贯
"
all the way,"na. 路上一直；老远；〈美〉(从…到…)逐一
"
all year around,"adv.整年,全年"
along with,"na. 与…一道；以外
"
alternative fuel, 代用燃料; 人造液体燃料; 合成马达燃料; 石油燃料代用品
alternative theory,无
an answer to,"prep....的答案,对...回答"
an epidemic of,无
an extra day's time,无
analyze the data,无
ancient city,"un. 古城
"
ancient times,"na. 古代
"
animated cartoon,"n. 卡通影片
"
anything but,"na. 决不是；除…外什么都
"
appeal to,"v. 求助于；引起N
"
application form,"na. “application blank”的变体
"
apply for,"v. 寻求；申请
"
apply to,"v. 应用于
"
apply to customs,报关
aquatic environment,"un. 水生环境；水环境；水文环境
"
arbitrary character,无
arbitrary decision,"[法] 武断的决定, 强断, 包办"
arms trade,"un. 军火交易
"
army of volunteers,无
arouse ... from,v. 唤醒
arouse one's anxiety,无
arouse one's curiosity,无
arouse one's interest,无
art exhibit,无
artesian spring,自流泉
artesian well,"n. 自流井
"
artificial bone tissue,无
artificial light,"un. 人造光；人工照明
"
artificial organs,"un. 人工器官
"
artificial satellite,"na. 人造卫星
"
artistic works, 艺术作品；美术作品；文章
as a matter of fact,"na. 事实上；事实是
"
as a result,"adv. 结果
"
as far as I am concerned, 就我而言；就个人而言；据我所知
as far as I know,"na. (= so far as I know)就我所知
"
as good as,"na. 见 good 条
"
as hard as nails,"na. “hard as nails”的变体
"
as tough as nails,无
ask for permission,"na. 请求许可
"
assign to,"un. 指定(时间、地点)；提出(理由等)；分配；分给…用
"
assigned books,无
associate professor,"n. （美国和加拿大的）副教授（职位比教授低一级）
"
associate with,"v. 与…联系
"
assume obligation, 承担义务
asteroid explosion,无
astronomical object,无
astronomical observatory,"na. 天文台
"
astronomy class,无
astronomy society,无
at a discount,"na. 打折扣；(货物等的)跌价；无销路；不受欢迎
"
at any rate,"na. 无论如何；至少；总而言之
"
at home with, 对……很熟悉；对……感到很熟悉；擅长
at least,"na. 至少
"
at regular intervals,"na. 每隔一定时间[距离]
"
at sb.'s service,无
at the age of,"na. 在…岁时
"
at the end of,"na. 在…末端；在…的结尾
"
at the head of,"na. 以…为首
"
at the rate of,"na. 按…的比例；以…的速度
"
at the request of,"un. 应…的要求；根据…的请求；应…之请
"
at this rate,"na. 这种样子
"
at work,"na. 做着；在工作；起着作用；运转中
"
atom of,无
attend the conference,无
attend the tournament,无
attribute to,"na. 认为(成功)是(努力)的结果
"
await trial, 候审
award ceremony, 颁奖典礼；颁奖仪式；职业赛颁奖仪式
back on one's feet,重新振作起来
back out,"na. 打退堂鼓；食言；退出；后退
"
back of,"na. 在…的后部
"
bacteria infection,无
baggage counter,无
balance one's budget,无
balance oneself,"na. 保持身体平衡
"
barter with sb. for sth.,无
base on,"v. 根据
"
base upon,使建立在…基础上
basic element,"un. 标准文件
"
basic rights, 基本权利；基本的权利
be absent from,"na. 不在(家)；缺(工)
"
be abundant in,丰富的，富裕的
be adequate for,适合
be allergic to, 对……过敏；过敏的；花粉过敏
be attracted to, 被……所吸引；被吸引到；对……有吸引力的
be authorized to,无
be available to,"v. 可以用来
"
be away from, 远离；离开；从……离开
be composed of ...,"na. 由…组成
"
be concerned about,"na. 关心；挂念
"
be cut out for,"un. 高…一等；胜任
"
be dedicated to sth.,"v. 专注于
"
be dedicated to doing sth.,无
be depleted of,无
be different from,"na. 和…不同
"
be distracted by, 被…分心；对······心烦意乱
be due, 到期；到期的；出世
be effective from,无
be eligible for, 有资格；对•••有资格；合格的
be eligible to do sth.,无
be equivalent to,"na. 等于；相当于
"
be expected to, 被期待做某事; 有望做某事; 期许
be extracted from,无
be familiar to,"v. 熟悉
"
be familiar with,"na. 精通；同…相好
"
be free from,"v. 免除
"
be full of remorse,无
be filled with remorse,无
be head and shoulders above,无
be identical to, 与…相同；一致；同……一模一样
be identical with,"v. 与…相同
"
be in blossom, 开花
be in cooperation with,无
be in the dark, 蒙在鼓里；被蒙在鼓里；毫不知情
be kidding, 开玩笑；在开玩笑
be made of,"na. …制的
"
be notorious for,因…而声名狼藉
be objective about,无
be off,"na. 去
"
be on medication,无
be on medication for sth.,无
be out of condition,身体很好[不适]
be out of focus,"vi.在焦点外,焦点没有对准"
be prepared for,"na. 准备着
"
be pumped out,"na. 累得喘不过气来
"
be puzzled by,无
be related to,"na. 和…有(亲戚)关系
"
be relieved to,无
be resistant to, 抵抗的；抗拒；有抵抗力的
be responsible for,"v. 负责；担负
"
be reviewed as,无
be scanned into digital files,无
be scheduled for,"订于…,定于…"
be secure from,没有遭受
be stuck, 卡住了；被困住；卡住了，动不了
be superior to,"na. 比…好；超然于
"
be supposed to,"na. …(在职务上)要；〈口〉不许
"
be sure of,"na. 确信
"
be surprised to,无
be surprised at,"v. 惊奇
"
be swamped with,"na. 忙于(种种应酬)
"
be through,"v. 结束
"
be through with,"na. 做好(工作等)；和…绝交；和…分手
"
be up to,"un. 面对；在干；居心
"
be used to,"na. 惯于
"
get used to,"na. 变得习惯于
"
beaver fur, 海狸皮；海狸皮毛；海狸的毛皮
begin with,"na. 从…开始
"
behave yourself,"un. 放规矩一点
"
behavior communication,无
behind schedule,"na. 比预定时间晚
"
belong to,"v. 属于；附属
"
benefit concert, 慈善音乐会；义演音乐会；慈善演唱会
benefit from,"v. 从…得到好处
"
benefit by,"v. 得益于
"
bestow ... on ..., 赠与；赐予；拿什么安在他身上
bestow ... upon ..., 赠与
better watch one's step,无
between you and me, 你我之间；你知我知；在你我之间
beyond one's control, 难以约束；处于某人控制范围之外；超出某人的控制能力
big deal,"int. 表示不赞同或不以为然
n. 〈口〉至关重要的事(或物)
"
big bucks,"n. 一大笔钱
"
big megabucks,无
bird migration,"un. 鸟类移栖；候鸟的定期移栖；候鸟定期迁栖
"
birthday greeting,无
Christmas greeting,无
bitter flavor,无
blend in,"v. 相称；交融；混合
"
blend in with,与…调和
block out,"na. 画略图；拟大纲；同“block in ”
"
blonde hair,无
blood sample,"un. 血样
"
boundary line,"na. (边)界线
"
brand of,无
break down,"v. 分解；抛锚；分析；划分
"
break out into,"v. 突然做出
"
brief holiday greeting,无
brief introduction,"un. 简介
"
bring about,"na. 造成；带来；【航】(使船)回转
"
bring down,"na. 降低；击落；削减；使落下[跌落]
"
bring forth,"na. 提出；生
"
bring home the bacon,"na. 成功；得胜；谋生；如愿以偿
"
bring sb. to trial,审判某人
broad claims,无
bubble economy,"na. 泡沫经济
"
buck against, 反对；同…作斗争
buck for,"na. (不择手段地)争取(升级,利益)等
"
budget deficit,"un. 〔经〕预算赤字；财政赤字
"
build nests,无
build on,"na. 依赖；把…建筑于
"
bulletin board,"n. 布告栏；告示栏；【网】电子公告栏
"
burn out,"na. 烧起来；烧光；烧尽；烧断
"
burn up,"na. 烧完；旺起来；使恼怒；发怒
"
business associate, 商业伙伴；生意伙伴；业务伙伴
business management,"un. 企业管理
"
busy schedule,无
busy signal,"na. (电话的)占线信号
"
by a small margin,无
by any chance,"na. 万一
"
by chance,"na. 偶然
"
by coincidence,"adv. 刚巧
"
by implication,"na. 含蓄地
"
by mail,"na. (=〔英国〕 by post)邮(寄)
"
by the time,"na. 到…的时候
"
calculate the budget,无
calculate the number of calories,无
calculus course,无
call for,"na. 呼吁；主张；需要；接(某人)
"
call for help,"un. 呼救
"
call it a day,"na. 今天就这样算了
"
call off,"na. 〈口〉命令停止；丢手；取消(婚约)；〈美〉点(名)
"
call on,"na. 号召；指名要(某人)去干(某事)；请求；访问
"
call upon,"na. “call on”的变体；同“call on ”
"
call up,"na. 传；动员；打电话给；【电讯】呼唤
"
can't help doing, 禁不住做某事；情不自禁做某事；忍不住做某事
couldn't help doing,无
cancel out,"v. 相约；相消；抵消
"
carbonic acid,"n. 碳酸
"
care for,"v. 照顾；关心；喜欢
"
cash the check,无
catch a flu,无
catch up on,"v. 听消息
"
change one's mind,"na. 改变想法
"
change the channel, 换频道；换个频道；更换频道
check in,"v. 〈美〉报到；(旅馆)登记
"
check out,"na. 开支票(提款)；(旅馆)付账后离开；及格；〔美俚〕死
"
check the scales,无
check up on,"na. “check on”的变体
"
checking account,"n. 活期存款账户；往来账户
"
chemical elements, 化学元素；化学成分；化学元素表
chemical pesticide,化学农药
chemical reaction,"na. 化学反应
"
chew over,"na. “chew upon”的变体
"
children development,无
chocolate syrup,"n. 巧克力糖浆
"
chop down,"na. 砍倒
"
chunks of,无
city planning,"un. 城市规划
"
claim to, 要求；声称；称得上是
class project,无
classical music,"na. 古典音乐
"
clean up garbage,无
clear off,"na. 理清(工作等)；清算；卖掉；撵走
"
clear the way for,"un. 为…扫清道路；开路
"
clear up,"na. 整顿；说明；(天气)转晴
"
clue to, 提示；的线索；某事的线索
college career,无
collide with,"v. 碰撞
"
colonial period, 殖民地时期；殖民时代；殖民期
color stripe, [计]彩色条纹
combine with,"na. 和…结合；与…化合
"
come across,"na. 尽(义务)；发现；碰见；(穿过…)来到
"
come along,"na. 进步；同意；一道来；请过来
"
come around,"na. 赶上；达到；袭击
"
come down with,"na. 生病；得(病)
"
come into contact with sb.,vt. 接触(接触到)
come out,"na. 出来
"
come out on top,"na. 赛赢；获得大成就
"
come over,"na. 渡过来；(从敌方)过来；变挂；〔口语〕欺骗
"
come to terms,"na. 谈判成功；投降
"
come up with,"na. 想出(一个主意或计划)；提出；提供；筹措
"
come what may,"na. 反正都
"
comment on,"v. 评论
"
comment about,无
commercial success, 商业上的成功；商业上之成功；商业成功
committee meeting,"委员会会议
指导委员会"
common sense,"n. 常识
"
common use,"un. 共用
"
communicate with,"v. 联络
"
comparative advantage,"un. 相对有利；比较利益
"
comparative education,比较教育(学)
compare to,"un. 核对记录；商量了一番；比较；和…相仿
"
compare ... with,"na. 和…比较[对照]
"
compensate for,"v. 补偿；抵偿
"
complain about,"v. 埋怨
"
complain to, 向某人投欣；是投诉的意思；冲着某人抱怨
complicated troubles,无
computer data base, 计算机资料库
computer literacy, 计算机文化; 计算机普及教育; 计算机扫盲; 计算机使用知识
computer power button,无
concentrate on,"na. 集中在；专心于
"
confess to,"v. 承认
"
conflict of interests, 利益冲突；利害冲突；有利益冲突
conflict with,"v. 相抵触
"
confuse ... with,"v. 混淆
"
Congressional Record,"na. 〈美〉国会议事录
"
congressional representative,无
consensus on,无
consensus about,无
consent to,"v. 同意；赞成
"
consider ... done,无
consider to be,无
consist of,"v. 由…合成
"
contemporary poet,无
continental drift,"n. 大陆漂移
"
contribute to,"na. 捐助；给…投稿；捐(款)给；投寄(一篇论文)给(某杂志)
"
convert to,"na. 使(某人)改信(某教,尤指改信基督教)
"
convert into,"v. 转换成
"
convey emotions to,无
coop up," 禁闭, 困住, 把…关起来"
copying machine,"un. 复印机；仿形机床
"
cosmic dust,"n. 宇宙尘
"
cost sb. an arm and a leg,"na. 使付出一大笔钱
"
count on,"na. 指望；预料到；期望
"
count ... in,"na. 算入
"
count ... out,"na. 一面数一面取出；一面数一面分开；除开
"
cozy atmosphere,无
crash the rebellion,无
creative thinking, 创造性思维；创意思考；创造性思考
credit transfer,"n. 银行转账
"
cultural diffusion, 文化传播；文化扩散；文化散播
curl up, （使）卷; 缭绕升起; （使）厌恶; （使）身体上[精神上]垮掉
current affairs,"n. 时事
"
cursive script,"un. 草写体
"
cut across,"na. 对直穿过；同“cut”
"
cut back,"na. 缩减；修剪(树枝等)；回叙往事
"
cut down,"na. 砍倒；削减；减价；夺去…活动力
"
cut down on,"un. 削减；节省；减轻
"
cut down the budget,无
cut in,"na. 突然插入；(汽车)超车；抢去别人的舞伴；在电话里窃听
"
cut it out,"na. 停止!
"
dark pigments,无
data process,"un. 数据处理
"
daylight hours,无
debate over,无
debate with,"与…辩论，与…争论；debate with oneself独自考虑,细想,心中盘算"
decent pay,无
decide on,"na. 决心
"
dedicate one's energy to,无
define ... as,把…解释为；定(某词、短语等)的意义为，下定义为
delight at, 听到…消息而高兴；为…而高兴；为…而欣喜
deliver a judgment,无
deliver a verdict,无
deliver a speech,"na. 演说
"
deliver a lecture,无
deliver an address,"发表演说,致词"
deliver a speech,"na. 演说
"
deliver a lecture,无
deliver an address,"发表演说,致词"
deny oneself sth.,"na. 自制；放弃
"
deny oneself doing sth.,无
department chair, 系主任；系主任的职位；系主席
depend on,"v. 依靠
"
deplete all natural resources,无
deposit a layer of sediment,无
derive ... from,"v. 来自；起源于
"
descend from,"na. 是…的后裔
"
develop film,无
digestive system,"n. 消化系统
"
dirt cheap,"adj. 极便宜的
adv. 极便宜地
"
discussion class,无
disposable paper cup,无
distinctive characteristic,无
distinctive feature,"na. 【语】示差特征
"
distinguish ... from, 区别；区分；识别，辨别，辨认
distort history,无
distort the original meaning,无
distribution center,"un. 配电中心；物资调运库；分配站
"
dive in,"un. 跳水:
"
divide into,"v. 分为
"
do sb. a favor, 帮忙；帮一个忙；做好事
do with,"na. 对付；忍耐；与…相处
"
dormitory area,宿舍区
dormitory officer,无
dozens of,"adj. 许多
"
draft of paper,无
drag one's feet on,无
drastic climatic variation,无
dress up,"na. 乔装；装扮；为…打扮；盛装打扮
"
drive apart,无
drive home,"na. (把钉)敲进去；使明白；用车把…送到家；使人理解
"
drive sb. up the wall,"un. 使发狂
"
drop by,"na. 随便访问一下
"
drop sb. off,"na. 同“drop”；睡着；(客)(一一)散去；衰落
"
drug trade, 毒品交易；贩毒；毒品贸易
due to,"un. 由于；预定；因为；亏
"
dust devil,"n. 尘卷风
"
eager for,"v. 渴望得到
"
eager to,无
eager to do, 急于做；迫不及待的做某事；形容词
earn a reputation as,无
gain a reputation as,无
establish a reputation as,无
eat away,"na. 蚕食；继续吃下去
"
ecological balance,"un. 生态平衡
"
ecological disaster,"un. 生态灾祸；生态分布
"
economic conditions,经济条件（economic condition的复数形式）
economic crisis,"na. 经济危机
"
economic perspective,无
effective measures,"un. 有效措施
"
effective remedy, [法]有效补救方法
either of, 任何一个；两者其一；两者之一
electric bill,电子账单
electrical impulses, 电脉冲；电力的驱使
electrical signals, 电讯号；电气信号
electronics engineering, 电子工程；电子工程学研究所；电气与电子工程
elementary school,"n. （美国）小学
"
elevation of,无
elevation to,无
employment agency,"n. 职业介绍所
"
encounter difficulties,n.遭到困难
encounter danger,遇到危险
encounter trouble,无
encounter opposition,无
encourage sb. to do sth., 鼓励…做；鼓励做某事
end up,"na. 结束；完事；[俚]死；直立着
"
endangered species,"na. 【生】濒危物种
"
energy source,"un. 能源；能量吸收器
"
engage in,"na. 从事；参加
"
enjoy the company of sb.,无
enjoy sb.'s company,无
enormous expenditure,无
entertain ... with,用…来招待(某人)：
environmental issue, 环境问题；环境议题；环保
environmental science class,无
erase data,无
escape from,"v. 逃脱
"
even if,"na. 即使…也
"
even though,"na. “even if”的变体
"
even now,"na. 甚至现在还；〈诗〉恰恰现在
"
exchange ... for,"un. 以…换:
"
exchange greetings, 互相问候；互致问候；彼此打招呼
executive summary,"un. 经营综合报告
"
exhaust a subject,un. 彻底研究问题
exhaust a topic,无
exhaust oneself, 精疲力竭；疲惫不堪；筋疲力竭
exist in,"na. 存在于…中
"
exotic plant,外地植物;外来植物;引入的植物
expand productive forces,无
expect for,[罕用语] 期望，期待，指望，盼望，预期(某人来吃饭等)
experimental station,"un. 试验站；实验站
"
explosive news,无
explosive situation,无
expose ... to,"un. 暴露于
"
extend the deadline,无
extinct species, 灭绝的物种；灭绝物种；已灭绝生物品种
extra ticket,无
extract the cellulose,无
extracurricular activity, 课外活动；课外活动经历；课后活动
facial expression,"na. 面部表情
"
fade away,"n. 逐渐消失
"
fade out,"na. (使)渐隐；【无线电】(使)(声音)渐消
"
faint hope,无
faint possibility,无
faint chance,无
fair comment,"un. 公正评论
"
fair trial, 公平审判；公正审判；公平审讯
faith in, 信仰；对……的信任；有信心
fall apart,"na. 土崩瓦解
"
fall back on,"na. 撤退到…线；求助于
"
fall behind,"na. 落后；跟不上；落下；拖欠
"
fall off,"na. 下降；(从马上)掉下来；扫兴颓丧；离开
"
fall out,"v. 〈非正式〉吵架；争执；闹僵；分手
"
fall through,"na. 失败
"
family reunion, 家庭团聚；团圆；家人团聚
farewell party, 欢送会；惜别会；欢送晚会
feel like,"na. 〈口〉想要…；愿意…；感觉像是…
"
field study,"na. 野战工事；野外测量[考察]
"
field trip,"n. （常指学生进行的）野外考察
"
fierce rays of,无
figure out,"na. 估计；解决；了解；〈口〉确定
"
fill in,"na. 填充；填写；同“fill”
"
fill out,"na. 填写(表格等)；变胖；长胖；胖起来
"
fill with,"v. 充满
"
final exam,"n. 期末考
"
final grade,无
final paper,无
finalize one's plan,无
financial institution,"un. 金融机构
"
financial plan,"un. 财政计划；财务计划
"
financial regulation,n. 金融管制; [财]金融条例; [法]财政法规
find a way to,无
find out,"na. 查出；发现；看清…的面目；识破
"
find ways to,无
finish the roll,无
finish with,"na. 完成；和…断绝关系
"
finishing touch,"na. (绘画等)最后修饰的笔触
"
fix the heater,无
fix the problem,无
fix an appointment with,无
make an appointment with,"v. 与…约定
"
flavor of,无
flexible schedule, 弹性时间表；弹性上课时段；灵活作业计划
flexible working hours,"un. 弹性工时；机动工时
"
focus on, 致力于; 使聚焦于; 对（某事或做某事）予以注意; 把…作为兴趣中心
food allergy,"un. 食物过敏性；食物性变态反应
"
food chain,"n. 食物链
"
food package,n.食品包装
for a rainy day, 以备不时之需；未雨绸缪；以防不时之需
for a while,"adv. 片刻
"
for generations,"na. 一连好几代
"
for instance,"na. 例如
"
for nothing,"na. 徒然；白白；没有结果；免费
"
for one's sake,"un. 行行好；看在…面上；为了…自己好；为…着想
"
for the sake of,"adv. 为了…起见
"
for sale,"na. 出售(的)
"
for some reason,"adv. 由于某种原因
"
for sure,"adv. 确实
"
for the benefit of,"na. 为…(利益)打算；〔反意语〕为惩戒…
"
for one's benefit,为某人的利益
for the time being,"na. 暂时；一时；临时；在目前
"
for the world,"na. 无论怎样看[怎样说]都
"
force ... out through,无
formulate a theory,系统地阐说一种理论
franchise store,无
free verse,"n. （无固定格律的）自由诗
"
freeze over,"na. 全面结冰
"
freeze up,"na. (使)冻结；(态度等)变呆板[冷淡,僵硬]
"
from a biology perspective,无
from now on,"na. 从今以后
"
fuel efficiency,"un. 燃料效率；燃油效率；热效率；燃料的热值
"
full refund, 全额偿还；全额退款；全额退费
full scholarship, 全额奖学金
furious with sb. at sth.,无
garbage can,"n. （常置于房外的）垃圾桶
"
garbage bin, 垃圾桶；垃圾箱；垃圾筒
garbage collector,"n. 收垃圾的
"
general response,无
generation gap,"n. 代沟；两代人之间的隔阂
"
genetic testing, 基因检测；遗传检测；基因测试
get a chance of,无
get a grasp on,无
have a grasp on,无
get a job offer,无
get a lot out of,无
get a refund,无
get a ride, 搭车；搭便车；骑车
get a scholarship to the university,无
get around to sth.,"v. 找时间做
"
get around to doing sth.,无
get away with,"na. 拿走；避开责备[惩罚]；〈俚〉卷(款)潜逃
"
get caught, 被抓住；遭遇；逮住
get going,"na. 采取行动；出去；使某人发怒
"
get in one's hair,无
get into trouble,"na. 遇到麻烦；卷入纠纷；受责备；未结婚而怀孕
"
get off on the wrong foot,"na. 第一步就走错了
"
get off the ground,"na. 飞起；开始
"
get off work,v. 下班
get on one's nerve,无
get one's hair cut,无
have one's hair cut,无
cut one's hair,无
get one's hands full of sth.,无
get paid,"un. 领工资
"
get ready for,"v. 作准备
"
get started on, 开始做
get stuck,"v. 上当
"
get time off from work,无
get tired of sth., 对……感到厌倦；厌烦；对……厌烦
get tired of doing sth.,无
get tired doing sth.,无
get to sleep,"v. 得睡觉
"
give in,"na. 让步；屈服；投降；上交
"
give off,"na. 发散(水蒸气等)
"
give sb. a break,"na. 给(某人)一个面子
"
give sb. a hand,"un. 制住；帮着干一点
"
give sb. a hand with,无
give sb. a refund,无
give sb. a ride to,无
give sb. a ring, 打电话给某人；打了一个电话
give sb. an ultimatum,无
give sb. credit for,"na. 把…贷给(某人)；把…归功于(某人)；认为当然有(某种性质等)
"
give sth. a thought,无
give up on,"v. 对…不再抱有希望
"
glacial movement,无
glial cell, 神经胶质细胞
go extinct,无
go jogging, 去跑步；去慢跑；去慢跑吧
go to one's head,冲昏头脑；使自负，得意洋洋
go to the gym,无
go in one ear and out the other, 一耳朵进，一耳朵出；左耳进右耳出；总是忘事
be in one ear and out the other,无
go across,"na. 渡过；不顺
"
walk across,"vt.走过,穿过"
run across,"na. “Come across”的变体
"
gold reserve,"n. （国家银行维持货币供应量的）黄金储备
"
good reputation, 比喻声誉流芳后世；信誉好；好名声
bad reputation, 坏名声；丑恶的名声；名声不好
got the time,无
gourmet coffee, 由咖啡豆磨制的咖啡；美食家咖啡；精制的咖啡
government agency,"un. 政府机关；政府机构
"
graduation announcements,无
graduation ceremony,"n. 毕业典礼
"
grand canyon,"n. 【旅】亚利桑那州大峡谷
"
grant one's request,无
grant a request,"na. 接受(某人)要求
"
grasp at,"na. 攫取
"
gravitational force,"n. 地心引力
"
Great Depression,"un. 大萧条；大恐慌
"
greeting card,"na. (生日,节日等的)贺片
"
groan about,"vi.埋怨,抱怨"
grow hemp,无
grow up,"na. 长大
"
gym pass,无
habit forming,adj. （尤指药物毒品等）易上瘾的；易成习惯的
habitat destruction, 生境破坏；栖息地破坏；毁坏栖息地
half off, 半场开关；打五折；打对折
hand in,"na. 交进
"
hand out,"na. 分；拿出来；施舍
"
hand-me-down,"n. 传下来的东西；现成的廉价衣服
adj. 传下来的；现成而价廉质次的"
hands down,"na. “hand down”的第三人称单数；不费气力地；无疑地
"
hang out,"na. 同“hang”；把上身伸出(窗外)；挂出门外[窗外]；拖延
"
happen to,"v. 发生于
"
hard line,"n. 强硬路线；强硬派
adj. 强硬路线的
"
hardly anyone has noticed,无
have a chance to,无
have a big appetite,无
have a good appetite,"na. 食欲旺盛
"
have a poor appetite, 胃口不好；胃口好；一个中文词语或英文单词
have a habit of doing, 有…的习惯；有做某事的习惯
have a problem with, 在……有问题；在方面有问题或困难；在…方面有问题
have a way with,"na. 善于处理
"
have a ... trip, 旅行；去旅游；进行旅行
have abundant energy,无
have anything on,无
have one's address,无
have problems with,无
have right to do,无
have room for, 容纳；及物动词
have the authority to do,无
have time to do,无
have to do with,"na. 和…有关系
"
have access to,"na. 得接近；得会见；得进入
"
gain access to,"na. 接近；会见；接通(计算机)
"
have ... access to,"na. 得接近；得会见；得进入
"
gain ... access to,"na. 接近；会见；接通(计算机)
"
have a haircut,"v. 理发
"
get a haircut, 剪头发；理发；剪个短发
head for,"na. 走向
"
head on,"na. 把船头朝前；迎面地
"
head over to,无
hear about,"v. 得知；听到关于
"
hear of,"na. 听说；获悉；收到…的消息；知道
"
heating system,"un. 供暖系统；供热系统
"
heavy traffic,"na. 交通[行人]拥挤
"
help oneself to,"na. 自由取食；任意占用[取用]
"
help out,"v. 帮助…摆脱困境；救出；协助
"
hesitate to do,无
historical perspective, 历史展望；历史回顾；历史角度
historical significance, 历史意义；划时代的意义；史学意义
hold on,"na. 拉住；继续；坚持下去；(打电话时)不挂断
"
hold on to,"na. 赖着不走
"
hold over,"na. 将…延迟；保存；期满后继续任职；期满后继续占有
"
hold the grudge,无
home radio receiver,无
homework assignment,无
horizontal movement,"un. 水平运动
"
household utensil,[化学 冶金] 家用厨房设备
housing office, 学校住宿办公室；住房办公室；宿舍管理处
How about ...?, 怎么样；如何；怎麽样
huge explosion,无
human race,"n. 人类
"
hurry up,"na. 催促；赶快
"
hydrothermal vent,深海热泉；深海热液喷口
I bet ..., 我敢打赌；我敢说；我肯定
I doubt ...,无
I'd like to do ...,无
identify with,"v. 相同于
"
identify ... with,"v. 相同于
"
if only,"na. 只要；只要…就好了
"
igneous rock,"na. 火成岩
"
illegal earnings,[法] 不法盈余
illegal parking,"n. 非法停车
"
immerge oneself into,无
immune defense,"un. 免疫防御
"
impact on, 影响；对…冲击，碰撞；对…之影响
implicit memory, 内隐记忆；内隐性记忆；内隐式记忆
impose on,"v. 强迫；欺骗
"
improve one's grade,无
improvement in, 表示原物有改进；好转；把…列在…里面
in contest,无
in ... contest,无
in a furious way,无
in a good mood,"adv. 心情好
"
in a hurry,"na. 匆忙；〈口〉容易地；急于要；〔口语〕愿意地
"
in a mess,"na. 肮脏；混乱；困难
"
in a sense,"na. 在某种意义上；有一点儿
"
in addition to,"na. 加之
"
in advance,"na. 预先；在先头
"
in all aspects, 在各方面；在各个方面；全方位沟通
in all likelihood,"na. 十之八九
"
in authority, 持有权力的地位；权威；当权
in brief,"na. 简单地说
"
in case,"na. 以防万一；作为准备；如果；免得〔用作连词〕
"
in case that,"conj. 万一
"
in coalition with,无
in common,"un. 和…有相通之处；公有
"
in competition with, 与…竞争；在与…竞争之中；与……比赛
in conflict with,"na. 和…冲突[矛盾]
"
in consequence,"na. 因此
"
in consequence of,"na. 因为…的原故
"
in contact with,"prep. 和…联系
"
in danger of extinction,无
in detail,"na. 详细
"
in due course,"na. 及时；顺次；及时地；到一定时候
"
in exchange for,"na. 换
"
in favor of,"na. 赞成；有利于；付与
"
in good company, 优势合作；大公司小老板；公私密友
in harmony with,"un. 协调一致地；跟…调和；和衷共济；与…相合
"
in imitation of,na. 模仿
in line,"un. 把话说死；排队；循规蹈矩；一列的
"
in line with,"na. 和…成一直线；〔美国〕和…一致
"
in motion,"na. 动着
"
in no time,"na. 立刻
"
in one's lifetime,无
in one's place, 代替；代替某人；在某人的立场上
in order to,"na. 为了；从而；以便
"
in other words,"na. 换句话说
"
in particular,"na. 特别；一一
"
in perspective,"na. 按照透视画法的[地]；展望中的[地]；正确的[地]
"
in preparation for,"na. 作为…的准备
"
in relation to,"na. 关于…
"
in session, 在开庭；在开会；在会议中
in shape,"un. 完全不；情况；模样
"
in terms of,"na. 依…；从…方面；用…特有的字眼
"
in the chain of,无
in the course of,"na. 在…之中
"
in the end,"na. 终于
"
in the fresh air,na. 在户外
in the margin,无
in the red,"n. 负债
"
in the way,"na. 在路上；妨碍
"
in theory, 理论上；从理论上看；在理论上
individual action,"un. 个人行动
"
inherit from, 从…继承；从……继承而来；来自遗传
ink stain, 墨渍；墨水污渍
insert a card,无
insert the card,无
insert one's card,无
insist on,"v. 坚持；强调
"
inspect sth. for sth.,无
inspect the damage,无
intelligence analysis,无
intend to,"打算(做)..., 想要(做)..."
intense cold,"na. 严寒
"
intense sunlight,无
intense tropical sun,无
interact with,"v. 与…相互作用
"
interest rate,"n. 利率
"
interfere with,干扰，干涉；妨碍；触动或弄坏；乱动；与……抵触
interior decoration,"na. 室内装饰；室内装饰术
"
interior design,"n. 室内设计
"
interior designer, 室内设计师；室内装饰师；装饰设计师
internal factor,内在因子
internal mail,无
internal metal skeleton,无
international trade,"n. 〔商〕国际贸易
"
internet plug-in,无
inventory report,"un. 存货报告单
"
involve in,"v. 卷入
"
isolate from, 使隔离；使孤立；分开隔离
It doesn't seem to ...,无
It's hard to tell.,无
It's hard to say., 难说；很难说；这很难说
item on the agenda, 议程项目；议程专案；议程上的话题
jigsaw puzzle,"na. (玩具)益智分合板
"
job interview,"na. 对申请工作者的口头审查
"
job-search techniques,无
join sb. in doing,无
jot down,"v. 草草记下
"
keep company with,"na. 和…常来往；同…结伴
"
keep on doing, 继续做某事；坚持做某事；继续作某事
keep one's head,"na. 不慌不忙
"
keep sth. handy,无
keep to oneself,"un. 强调；紧贴；秘而不宣；独自承受
"
keep sth. to oneself,"un. 强调；紧贴；秘而不宣；独自承受
"
keep up with,"na. 不落后
"
key person,关键人物
key point,"un. 要点；关键；开键；要地
"
key word,"n. 关键字
"
kind of,"na. 有点儿；有几分
"
kitchen utensil, 厨房用具；厨房器具；厨具
know of,"v. 知道有
"
label as, 把……说成是
landmark and historic sites,无
language lab, 语言实验室；语音室；语言室
laryngeal cancer, 喉癌；喉头癌；咽喉癌
late fee,"na. (英国邮局在规定时间之后投递邮件所收的)过时补加费
"
lead a ... life,"过活,过日子"
lead the way,"na. 领路
"
lead to,"na. 通向
"
leading authority,无
leave for,"un. 到…地方去；去某地:
"
leave over,"na. 留下；展期
"
lend sth. to,"un. 贡献:
"
letter of recommendation,"un. 推荐书
"
letter of reference,"un. 调查信；查询信
"
life image,无
light up,"na. 点灯；照亮；点香烟；变快活
"
line up,"na. 整顿(机械等)；排成一列；使(兵士)排齐；整顿阵容
"
linear algebra,"na. 【数】线性代数
"
link to,"un. 同…有联系；与…有牵连
"
literature class,无
live on campus,无
liven up, 使有生气；使活跃起来；热闹
loan application,"un. 申请借款
"
local business executive,无
local dialect, 乡谈；土语；土话
lock up,"na. 上锁；监禁；收藏(文件等)；固定(资本)
"
lodge an application,无
long distance calls,长途通话
look familiar,无
look forward to sth.,"na. 盼望
"
look forward to doing,无
look into,"na. 窥视；调查；过问
"
look over,"na. 浏览；检查；察看
"
loosen up,"na. 宽舒；信口开河；慷慨解囊
"
lose one's balance,"na. 身体失去平衡；慌乱；跌倒
"
lose one's head,"na. 被砍头；着慌；被斩首；被搞糊涂
"
lose one's temper,"na. 发脾气；发怒
"
lose track of the time, 不知道时间
lost-and-found case,无
lost-and-found office,失物招领处
lunar calendar,"na. 阴历
"
lunar eclipse,"na. 月蚀
"
lunar month,"n. 朔望月；太阴月；会合月
"
magnetic field,"n. 磁场
"
magnitude energy,无
mail carrier,"n. 邮递员
"
main office,"un. 〔政〕总办事处；总局；主油道
"
maintain balance,无
maintain the integrity,无
maintenance crew,"un. 维修人员；养护工作队；检修斑；维修队
"
maintenance man,"na. 维修工
"
maintenance staff, 维修人员；维修技术员；维护部员工
major in,"v. 主修
"
make a buck,"na. 挣钱
"
make a call to,无
make a comment,"评论,评述"
make a difference,"na. 发生差别；使…有差别；(结果等)是重要的
"
make a distinction, 区分；做出区分；一个中文词语或英文单词
make a mess of,"na. 把…弄糟[弄坏]
"
make a reservation,"un. 有点瞧不起；订房间
"
make a trade,无
make a trip,"un. 起下钻具
"
make heads or tails of,无
make it,"na. 赶到；办成功；规定时间；〔美俚〕性交
"
make sb. alert,无
make sb. drowsy,无
make sb. feel better,无
make sense,"na. (话等)有意义；合理；有道理；讲得通
"
make sth. clear, 弄清楚；澄清；表明
manage to,"v. 设法处理
"
managerial expertise,无
manifestation of,无
manipulate sb. into sth.,无
manipulate sb. into doing sth.,无
marine animal,"un. 海洋动物
"
marketing research,"na. 销售调查
"
material benefit, 物质利益；实惠；实际的利益
material management,"un. 物料管理
"
meal card, 饭卡；餐卡；办饭卡
mean to,"un. 对某人重要；对某人有价值:
"
medicine cabinet,"un. 保健箱
"
meet the deadline,"v. 按限期完成
"
meet the standard, 达到标准；项已达评监标准；符合标准
melting point,"n. 熔点
"
mental faculty,"n. 智力
"
mention sth.,"vt. 提到，谈到；提及，论及；说起
n. 提及，说起
"
metal detector,"n. 金属矿藏探测器；（机场等处的）金属物品检测机
"
metal-frame construction,无
meteorological data,un. 气象数据；气象资料
meteorological instrument, 气象仪器
metric ruler,无
mild asthma,无
mix ... with,"v. 混合
"
modern poetry,无
monopolistic competition,"un. 垄断性竞争
"
more likely,"adj. 适当的；有希望的；很可能的；很像真事的
adv. 多半
"
motion picture,"n. 电影
adj. 电影的
"
motivation for doing sth.,无
Mount Everest,"n. 埃佛勒斯峰
"
mount the steps,无
mountain climbing,"n. 爬山；登山；攀岩
"
move away, 离开; 搬到别处去住; 改变（见解）; 挪开
move back,"na. (使)退
"
move into,"v. 迁居
"
move off,"na. 离去；〔俚语〕死；(货物)畅销
"
move to,"na. 搬到
"
move up,"na. 提上
"
movie critic, 电影评论家；影评人；电影馆
muscular cell,肌细胞
muscular dystrophy,"n. 肌营养不良症；肌肉萎缩
"
muscular tissue,"n. 肌肉组织
"
mythical figure,无
narrow down,"v. 变窄；缩减
"
nasal asthma,"un. 鼻性气喘
"
native plants, 原生植物；本地植物；土生植物
natural habitat, 自然栖息地；自然生境；自然栖所
natural sight,无
nearly perfect, 近乎完美；几乎完美
negative consequence,负面结果
neither of,"adj. 没有一个
"
nerve cell,"na. 神经细胞
"
neural transmitter, 神经递质；化学信号神经递质；神经传导物质
new around here,无
new generation,"n. 新一代
"
new type of fuel,无
news item, 新闻；新闻条目；一条新闻
no kidding, 不要开玩笑；不是开玩笑吧；别开玩笑
no longer,"na. 不再
"
no wonder, 难怪；怪不得；不足为奇
nocturnal creature,无
nocturnal animal,"夜行动物, 夜行性动物, 夜生活动物"
nominate for,"vt.提名,提议"
North Pole,"na. 北极
"
not on your life,"na. 绝不可能
"
not only ... but ...,无
not only ... but also ..., 不仅……而且；不但而且；两个不仅……而且
notify sb. of sth., 正式将（某事）通知（某人或某团体）
object to,"na. 反对
"
occupy one's time,无
ocean plant,无
odd job,"n. 零工
"
of course,"na. 当然
"
off and on,"na. 断断续续；偶尔；(航海)时而靠岸时而离岸地；不规则地
"
off campus,"na. 在校外
"
off hand,"na. 马上
"
off the mark,"un. 八九不离十；大错特错；摆脱防守
"
offer sth. to sb., 提供；提出；愿意
offer a discount,无
give a discount,无
official copy, 正式文本
omit doing,无
omit to do, 经常用法
on edge,"na. 易怒；急切；竖着
"
on good terms,"na. 相处得好
"
on hold, 搁置；尚未办理的事情；暂停生产
on one's way to,无
on prescription, 凭处方（的），根据药方(的)
on purpose,"na. 故意；意欲
"
on schedule,"na. 按时；按时间表；按照预定计划
"
on the edge of,"na. 快要
"
on the front page of,无
on the ground,adv. 在地上，当场，在决斗; 席地; 地下
on the mood of,无
on the rise,"na. 在涨；在增加；好转
"
on the verge of,"na. 将近(几岁)；即将…
"
on top of,"na. 在…之上；逼近；胜任(工作等)；掌握(情况等)
"
on trial,"na. 试验性质；试验后；在受审
"
one's motivation,无
only if,"conj. 只有当
"
operate the machine,无
opportunity cost,"un. 机会成本
"
optical instrument,"na. 光学仪器
"
organic chemistry,"n. 有机化学
"
organic material,"un. 有机物质；有机材料
"
original handwriting,无
original landscape,原始景观
original topic,无
original viewpoint,无
out of the question,"adv. 不可能
"
out-door club,无
outer atmosphere,"un. 外层大气
"
outline of a speech,无
outline one's idea,无
outstanding student, 三好学生；优秀学生；杰出学生
overcome the problem,无
owe sb. a favor,无
owe ... to ...,"v. 由于；把…归功于
"
ozone molecule,无
pain reliever,"un. 解痛物品
"
pain killer,"n. 【医】止疼药
"
paper topic,无
parking lot,"n. 停车场
"
parking meter,"n. 停车计时器
"
parking place,"un. 停车场；偷站
"
parking sticker, 停车许可证；停车贴条；停车证
part-time job, 半日工作; 兼职
pass around, 传送；分，分发；传递
pass on to, 传递给；传给；传与后代
pause to do,无
pay attention to,"na. 注意
"
pay for,"na. 付开销；赔偿(损失)；(为某种过失)付出代价；吃亏
"
pay for admission,无
pay phone,"na. 公用自动收费电话亭
"
payroll department,"un. 工薪管理部门
"
permission slip,可接受的失误
perpetual circulation,无
personal characteristics, 个人特质；个人特性；个人特征
personal opinion, 个人意见；个人观点；个人见解
personal statement, 个人陈述；自传；个人自述
personality trait,"un. 个性品质
"
pesticide residue,"un. 农药残留物
"
pesticides-free,无
pet peeve,"na. 痛处；患处；弱点
"
phone bill, 电话费；有电话费；电话账单
physical activity, 身体活动；体力活动；体育活动
physical characteristic,"un. 物理特性
"
pick out,"na. 挑选；掘出；闻出；领会
"
pick up,"v. 拾起；探出；重新开始
"
pin ... down,"na. 强迫(人)承认[履行]条约；用…束缚住；阻止；牵制
"
place reliance on,信任；信赖
plan a trip to,无
planet formation, 行星的形成；陆地行星的起源
planet's orbit,无
planetary motions,无
plant fiber, 植物纤维；作物纤维；植物纤维类
plastic bead, 塑料珠；塑料珠子；胶珠
plastic trash bags,无
play in cooperation with,无
play one's heart out,无
plenty of,"na. 很多的
"
plough through,"un. 破浪航行
"
point out,"na. 指出
"
political management,政治管理
political science,"n. 政治学
"
population distribution,人口分布
pore over, 注视；钻研；凝视
portray the cruelty of hunting,无
positive side,无
postpone doing,无
precious stone,"n. 宝石
"
precise elevation,无
precise measurement,"un. 精密测量
"
predict weather,无
prepare for, 准备；为…作准备；为…做准备
press conference,"n. 新闻发布会；记者招待会
"
pretty heavy workload,无
prevent ... from, 防止；阻止；预防
primary school,"n. 小学
"
private company,"n. 【商】私营企业
"
private residence, 私人住宅；私宅；高级官员的私人住宅
proceed to,"un. 前进；继续进行:
"
proceed with,"un. 开始；继续:
"
productive meeting,无
productive writer,无
professional football player,无
professional knowledge, 专业知识；专业知识准备；专业的知识
proficient at, 精通；擅长；熟练
promise to do, 答应做某事；承诺做某事；许诺做某事
proposal for sth., 准备；建议；提建议
proposal for doing sth.,无
proposal to do,无
propose a resolution,无
propose a toast to, 提议；提议为……干杯；提议为…干杯I
propose an amendment,无
propose marriage, 提亲
pros and cons,n. 利弊; 正反两方面; 优缺点; 赞成和反对的理由
protective tariff,"na. 保护(性)关税
"
public sphere, 公共领域；公共空间；公领域
public transportation,"un. 公共交通
"
public visit,无
pull ... into orbit,无
pump up ... through,无
put air in,无
put back,"v. 放回；推迟
"
put down,"na. 平定；贬低(的话)；(飞机的)降落
"
put on air,v. 装腔作势
put off,"na. 延期；辩解
"
put our heads together, 集思广益；商量；内人多次商量
quarterly review,无
quit school, 退学；辍学；休学
quit smoking, 戒烟；戒菸；停止吸烟
quit drinking,无
quitting time,"n. 〈美〉下班时间
"
quote this line,无
radiation therapy,"un. 放射疗法；辐射疗法；辐射治疗；放射治疗
"
radio signal,"n. 无线电信号
"
ragtime music,无
raise fees,无
raise one's pay,无
raise one's salary,无
reading assignment, 阅读作业；指定阅读部分；阅读任务
reading list, 阅读列表；书单；阅读清单
realistic movement,无
reapply for,无
reasonable excuse, 合理辩解；合理解释；合理的辩解
reception office, 接待室；传达室；收货处
recharge batteries, 充电池
recommend sb. sth.,"vt. 推荐, 介绍；劝告；使受欢迎；托付
vi. 推荐；建议"
recreation center,"un. 旅游中心
"
recreation room,"n. （学校、医院、办公楼等处的）娱乐室；（私人住宅里的）康乐室
"
refer to,"v. 查阅；提到
"
reference book,"n. 参考书；工具书
"
reflect back, 反射，折射；回顾；真实地反映
register trademark,无
registered capital,"un. 注册资本
"
regulate spending,无
regulate the traffic,无
relate to,"na. 有关联；与…有关；理解
"
release news,无
relevant to,"adj. 有关
"
relevant working experience,无
rely on,"v. 依靠；信赖
"
remarkable recovery,无
remind ... of,"v. 提醒
"
remote sense technology,无
remove impurities from,无
representative of, 代表……的；有…代表性的；典型的
require ... to,无
required course, 必修课；必修课程；必修科目
research excavation,无
research paper,"un. 学术论文
"
resemble telomeres,无
reserved parking, 主管车停车位编号；专用车位；公务车停车位
resign from,"v. 辞职
"
resign one's seat,无
resign one's post,"na. 退职
"
resign one's position,无
resistance genes, 抗性基因；抵抗基因
resistance to, 阻力；对……的抵抗；对…的阻力
respect for, 尊敬；对…的尊敬；尊重
respond to ...,"v. 响应
"
retreat from,"v. 放弃；撤退
"
return address,"un. 返回地址
"
review the material,无
right away,"na. 立刻
"
ring off,"na. 挂断电话；〔美国〕停止说话；静默
"
ring up,"v. 在收款机上结算；一段时间内收入或损失的钱；打电话给
"
rock and roll,"n. 摇滚乐
"
roll up,"na. 卷起(袖子)；包卷；积贮；缩成圆球
"
rotten meat,无
rule of thumb,"na. 手工业方式；靠经验估计
"
run away,"na. 私奔；逃；弄不好
"
run behind,"na. 落后
"
run counter to,"na. 违反
"
run down,"na. 下乡；(钟表等)停止；衰弱；赶上(人,猎物)
"
run for,"na. 去叫(…)；做…的候选人
"
run out of,"na. 用光…
"
rush hour,"n. (上,下班的)高峰期
"
rush out of, 冲出；奔出；冲出…地方
sacrificial ceremony,无
sales coordinator,无
sales representative,"n. 销售代表
"
sample survey,"un. 抽样调查；抽样检查；抽样检验
"
Sanitation Department, 卫生机关；卫生部；环境卫生部门
save ... for,"v. 除了…而外；例外
"
save face, 挽回面子；保全面子；顾面子
save up,"na. 同“save”；贮(蓄)
"
saving account,"un. 储蓄帐
"
sb. is only a phone call away,无
scarce mineral,无
science auditorium,无
science fiction fare,无
scientific discovery, 科学发现；科学探索
scientific instrument,"n. 科学仪器
"
scientific study,无
scrape off,"na. 刮去
"
scrape through,"na. 好容易完成；(考试)勉强及格；勉强对付过去；勉强通过
"
sculpture exhibit,无
sea view,[地名] 锡维尤 ( 美、英 )
seasonal change,"un. 季节性变化；季节性的变动
"
seed reproduction, 种子繁殖
send for,"na. 派人去叫[请]；遣人去拿；乞求
"
send in,"na. 拿出；提出；递(名片)；送
"
send out,"na. “send forth”的变体
"
send out a questionnaire,无
send out signals,无
sensory organ,"un. 感觉器官；感宽器官；敏感元件；感官
"
separate from,"把...和...分开, 把...和...区分开, 使...从...离析"
set a record,"un. 创造记录
"
set sb. up,"na. 建立；创立；发起；开办
"
set sth. up,"na. 建立；创立；发起；开办
"
set sth. apart,"na. 分开；分离；留出(充当别用)
"
set the alarm clock,无
settle down,"na. 定居；成家；移居；平静下来
"
severe winter,"un. 严冬
"
share sth. with,"un. 合伙；合住；承担；跟…看法一致
"
sharpen sth.,"vt. 削尖；磨快；使敏捷；加重
vi. 尖锐；变锋利"
shed out, 流出来
shift to,"v. 转变到
"
shipbuilding industry,"un. 造船工业
"
show around,"v. 带…参观
"
show sb. around,"v. 带…参观
"
show off,"na. 卖弄；〈贬〉自以为是；趾高气扬；炫耀
"
show up,"na. 显眼；揭发；嘲笑；露面
"
shuffle deck,无
sign a petition,无
sign up,"na. 同“sign”
"
skip a lecture,无
slam on, 关上
slave trade,"n. （尤指 17–19 世纪的）奴隶买卖
"
sleeping schedule,无
slice the bread,无
slip one's mind, 忘记；忘了；忘记了
slip out of,"un. 通过；伸到；一溜烟走出；脱下
"
slog through,吃力地走过
slow reader,阅读速度慢的人
so far,"na. 就是那么些；到现在为止；到目前(此地)为止；就此范围来说
"
so the story goes,"un. 据说；传说
"
soak up the sun, 沐日光浴；晒日光浴；做日光浴
soap bubble,"na. 肥皂泡；短暂而空虚的好景
"
soccer team, 足球队；足球活动；绿茵世界
social awareness, 社会意识；社会觉察；社会认知
social benefits, 社会效益；社会利益；社会福利
social recognition,无
soda machine,"n. 汽水机
"
solar calendar,"na. 阴历
"
solar eclipse,"na. 日蚀
"
solar power,"n. 太阳能
"
solar system,"n. 太阳系；类太阳系
"
sort of,"adv. 有几分地
 （想不出恰当的词或不知下面该怎么说时用）可以说，可说是"
sound like, 听起来像；听起来象；听看来像
spare time,"un. 业余时间；业余的
"
special order, 特别订货；特别命令；特别订单区
special permission,"un. 特别许可
"
spend budget,无
spend ... doing,无
spend ... in doing,无
spray cans,"na. 喷雾壶[罐]
"
spread fertilizer,无
spread over,"na. 〈英〉(根据特殊需要而作的)部分工时调整
"
spread up,无
spring break, 春假；呢班百厌仔；美春假
stage setting,"na. 舞台装置
"
stand a chance,"na. (很)有成功可能
"
standard weight,"un. 标准重
"
start out,"na. 跳出；开始；〔俚语〕企图
"
start with,"v. 以…开始
"
statistical calculation, 统计计算；统计与计算；数据统计
statistical data,"un. 统计资料；统计数据
"
statistics course,无
stay awake, 保持清醒；醒着；保持醒着
stay open,无
stay up,"na. 不去睡觉；不沉
"
stick around,"v. 粘在旁
"
stick with, 坚持；继续支持；坚持做
stir up,"v. 转播；重播；搅拌；煽动
"
stock exchange,"n. 证券交易（所）；股票交易（所）
"
stock holder,"股东,股票持有人;公债持有人"
stop at,(按常规)在…处停下; 延伸到…为止; 中途歇宿于…; 造访
straighten up,"na. 改善；正派地过日子
"
strategic objective,"un. 战略目标
"
strong flavor,无
structure program,un. 结构程序
struggle with, 与…斗争；与…作斗争；和…斗争
student center, 学生中心；学生活动中心；学员中心
student loan, 学生贷款；助学贷款；免息学生贷款
student service,学生服务
subdued color,无
subject to,"v. 处于…中；使服从
"
submit to,"un. 使某人忍受某事:
"
suffer from, 患（某种病），受（某种病痛）折磨; 因…而受罚[苦，损]; 闹; 罹
summer break, 暑假；夏季休假期间；夏季假期
summer holiday,"n. 暑假
"
sun mass,无
sun wind,太阳风
supply ... for,"v. 把…供给
"
supply of,无
support one's argument,无
survey method,"un. 调查方法
"
survive on, 靠……活下来；靠……生存；靠……存活下来
swale erosion,无
switch hours with,无
switch to,"v. 转换到
"
take a drastic step,无
take a look at,"na. (仔细)看一看
"
have a look at,"na. (仔细)看一看
"
take a nap,"na. 睡午觉；打一个瞌睡
"
take a stand,"na. 困守(城池等)；立定脚跟
"
take a while,"v. 需一段时间
"
take advantage of,"na. 乘；利用；欺骗；引诱(女人)
"
take apart,"na. 分解；拆分；剖析
"
take away,"adj. 买回去的
"
take care of,"na. 照看；处理；清除
"
take it easy,"na. “take things easy”的变体
"
take off,"v. (飞机)起飞；出去；拿掉；移送
"
take over,"na. 接管；继承
"
take photographs,无
take pictures, 照相；拍照；拍照片
take place,"na. 发生；举行
"
take sth. back to,无
bring sth. back to,"un. 使恢复；复归:
"
take sth. inside,无
take up,"na. 拿起；举起；拾起；给搭(火车等)
"
take ... for granted,"v. 想当然
"
take ... for instance,例如
take ... for example, 以…为例；打比方
take ... into account,"na. 考虑
"
talent show,n. 业余歌手演唱会; 选秀节目，选秀比赛
tape recorder,"n. 录音机
"
target areas for,无
taste much better,无
team work,"un. 合作；协作；集体工作；协力
"
technical innovation,"na. 技术革新
"
tedious debate,无
tedious fellow,无
telephone communication,"un. 电话通信
"
temperature regulation,"un. 体温调节；温度调节
"
tend to do, 倾向于做某事；倾向去做某事；倾向做某事
tendency to do,无
tendency towards,无
test tube,"n. 试管
"
the accuracy of scales,无
the advent of,(重要人物或事件)…的出现(或到来)
the brick exterior,无
the distribution of,无
the dominant power in the world,无
the greatest power in the world,无
the early stage of civilization,无
the extension of,无
the Faculty of Law,无
the inspection of,无
the interplay between,无
the origins of civilization,无
the presence of,无
the process of,无
the quality of one's handwriting,无
the student action coalition,无
the symbol of,无
the volume of the music,无
the younger generation,"na. 年轻的一代
"
the older generation, 长辈；老一代；老一代导演
thorny bumps,无
threat of disease,无
throw out,"na. 投出；拒绝；否决(议案)；派出
"
throw up,"na. 呕吐；抛上；急造；丢弃
"
tide sb. over,"v. 帮…度过难关
"
tie up,"na. 绑；系；包扎；(船只)系泊
"
to be honest, 老实说；说实话；说实在的
to some degree,"adv. 多多少少
"
to tell you the truth, 说实话；实话告诉你；说老实话
too ... to ..., 太……而不能；太……以致不能；用法
top priority,"un. 第一优先权；应予最优先考虑的事
"
trade places with,无
traditional view, 传统观点；传统的观点；传统观念
traffic laws, 交通法；交通法规；交通规则
transfer to,"v. 转移给
"
transmit to, 把…传给；传递到；发送到
trash can,"n. （街道上或公共建筑物里的）垃圾箱
"
travel on,骑马〔徒步〕旅行
trial period,"n. 试用期
"
trickle down,"adj. 〔美国〕积极投资的
"
tropical environment,无
try to, 设法；试图；试着
tuition payment,无
turbidity current,"na. 【地】浊流
"
turn face up,无
turn out,v. （以某种方式）发生；最后是；结果是 （尤指天气突然）变得（晴好） 原来是；结果发现 出席;参加;前去观看关掉，熄灭（电灯、煤气等） 出席;参加;前去观看生产；制造 （尤指把某人从其长期居住处）撵走，赶出，逐出 翻出；倒出 出席；参加；前去观看
turn over a new leaf,"na. 翻开新的一页；革面洗心；重新开始[做人]
"
turn sb. down,"na. 翻下(衣领等)；扭小(灯火等)拒绝考虑；拒绝(某人)
"
ultraviolet radiation,"un. 紫外线照射；紫外线辐射；紫外辐射；紫外射线
"
under construction,"na. 建筑中
"
under pressure,"un. 在压力下
"
under the circumstances,"na. 在这种情形下
"
under the protection of,"na. 在…保护下
"
up in the air,"na. 悬而未决的
"
upward motion,"un. 向上运动
"
vacuum cleaner,"n. 真空吸尘器
"
vary the volume,无
vegetative reproduction,"un. 营养体生殖
"
vehicle maintenance, 汽车维护；汽车维修；车辆维修
vertical movement,"un. 垂直运动；垂直移动
"
vertical wind,无
visualize sb. doing sth.,历历描绘......于心
volunteer work, 志愿工作；志愿者工作；志愿者活动
vote for,"na. 赞成；〈口〉建议
"
walking hibernation,无
warm up,"na. 加热；变暖；热中起来；【运】作准备动作
"
wash up,"na. 饭后洗碗；洗脸；将…冲上岸；(出人意料地)出现
"
water molecule,"un. 水分子
"
wave field,"un. 波场
"
wear a suit,无
wear out,"na. 精疲力尽；用坏；穿破；磨破
"
weather report,"na. 气象通报；天气预报
"
weather variations,天气变化
What's up?, 怎么了？
wildlife habitat,无
wipe out,"na. 擦去；【无线】遮蔽；遮蔽地域；【信】封闭
"
wireless device,"un. 无线电设备
"
with details of,无
with reference to,"na. 关于
"
in reference to,"na. 关于
"
wonder if, 想知道是否；不知道；怀疑是否
wood fiber,"un. 木织维；木质纤维
"
work a part-time job,无
work extra hours,无
work on,"na. 对…有效[有作用]；动(人,感情等)；向…做工作；左右
"
work out,"v. 作出；拟定；制定；计划一下
"
would like to,"v. 将乐意
"
wrap up,包裹；圆满完成；（使）穿得暖和（wrap somebody/yourself up）；注意力完全集中于……
Xinhua News Agency,"n. 【中】新华通讯社
"
yell at, 对…吼叫；你给我小心一点；对别人大叫
yield to,"v. 服从；屈服于；弯曲
"
You bet,"na. 〈口〉肯定
"
You can say that again., 我同意；说的好；说得好
You got that right.,无
zebra crossing,"n. 斑马线；人行横道
"
