Break a leg!,"na. 〈非正式〉祝好运
"
break down,"v. 分解；抛锚；分析；划分
"
break even,"na. 扯平；不赔不赚；(球赛)不分胜负
"
break ground for sth.,无
break ground,"na. 破土；耕田；破土(动工)；开工
"
break in on ...,"na. 拦阻；打扰；突然出现
"
break in,"na. 闯入；插嘴；驯(马)；训练(人)
"
break into sth.,"na. 闯进；拦(别人话头)；侵占(别人时间等)；突然…起来
"
break ... in,"na. 闯入；插嘴；驯(马)；训练(人)
"
break loose from ...,无
break loose,"na. 脱出；迸发出来；逃出；“break/cut loose”的变体
"
break new ground,"na. “break fresh ground”的变体
"
break off with sb.,"na. 与…绝交；破除(恶习等)
"
break off sth.,"v. 断绝；摘；把…折断；使脱落
"
break one's neck,"na. 折断颈骨(致死)
"
break one's back, 辛勤工作
break one's heart, 为之心碎
break ... down,"v. 分解；抛锚；分析；划分
"
break down ...,"v. 分解；抛锚；分析；划分
"
break ... up,"v. 拆散；打碎；剖割(兽体等)；破坏
"
break up,"v. 拆散；打碎；剖割(兽体等)；破坏
"
break the ice,"na. 带个头；使气氛活跃；起头；打破沉闷
"
break the news to sb.,"na. (向某人)委婉传达不幸的消息
"
break away from ...,"v. 脱离；离开；断绝与…的关系
"
break away,"v. 逃脱；突然离开；突然离去；挣脱
"
break camp, 打好背包，离开露营地
break out,"na. 起；(战争等)突发；(囚犯等)逃脱；【航】起(锚)
"
break out in sth.,"v. 突然…起来
"
break out into tears,无
break into tears, 突然大哭；突然哭起来；放声大哭
break out in tears,无
break out of sth., 摆脱；突破；跑出
break one's fall, 阻止摔倒
break sth. off,"v. 断绝；摘；把…折断；使脱落
"
break off sth.,"v. 断绝；摘；把…折断；使脱落
"
break sth. to pieces,"na. 打碎
"
break the back of sth.,"na. 办完(某事)的极困难部分；毁坏；伤其要害；克服某事最艰巨的部分
"
break through sth.,"na. 【军】突破(点)；(科技等的)重大发现；关键问题的解决
"
break through,"na. 【军】突破(点)；(科技等的)重大发现；关键问题的解决
"
bring home the bacon,"na. 成功；得胜；谋生；如愿以偿
"
bring ... around,"na. 说服；〈口〉使恢复知觉[等]；〈口〉把(某人)作为客人带来
"
bring ... back,"na. 送回；使恢复；使回忆起
"
bring back ...,"na. 送回；使恢复；使回忆起
"
bring ... out,"na. 公布；说出；出版；上演
"
bring out ...,"na. 公布；说出；出版；上演
"
bring ... up,"na. 抚养；教导；教育；在…长大
"
bring up ...,"na. 抚养；教导；教育；在…长大
"
bring sb. to account,"na. 责问
"
call sb. to account,"na. 质问
"
bring sb. up to date on ...,无
bring sb. up to date, 使现代化；使不过时；使明确
bring sth. about,"na. 造成；带来；【航】(使船)回转
"
bring about sth.,"na. 造成；带来；【航】(使船)回转
"
bring sth. into question,带来问题
bring sth. to a halt,na. 使停止
bring sb. to,"na. 使恢复知觉；【航】使停船
"
bring sth. crashing down around sb.,无
bring sth. crashing down,无
bring sth. off,"na. 办完；(从失事船只上)救出
"
bring off sth.,"na. 办完；(从失事船只上)救出
"
call a halt to sth.,命令停止；途中休息；停止前进(或进攻等)
call a halt,"na. 喝令停止；命令停止；命令立定
"
call a meeting,"na. 召集会议；召集大会
"
call a spade a spade,"na. 直言不讳；是什么说什么
"
call it a day,"na. 今天就这样算了
"
call it quits,"na. 就此罢休；就此算了；辞职；停止
"
call ... back,"na. 取消；喊回；回一个电话；再打一个电话来
"
call back ...,"na. 取消；喊回；回一个电话；再打一个电话来
"
call sb. names,"na. 咒骂
"
call sb. on the carpet, 责备某人
call ... into question, 质疑；使……受到质疑；怀疑
call ... off,"na. 〈口〉命令停止；丢手；取消(婚约)；〈美〉点(名)
"
call off,"na. 〈口〉命令停止；丢手；取消(婚约)；〈美〉点(名)
"
call sb. up,"na. 传；动员；打电话给；【电讯】呼唤
"
call a place up,无
call one's attention to sth.,无
call sth. to one's attention,无
call one's bluff,"揭某人底牌
向某人叫板
揭露某人虚张声势的做法"
call the dogs off, 停止追逐；叫你的狗不要再来骚扰我；停止查询
call the shots,"na. “call the tune”的变体
"
call the tune,"na. “call one's own tune”的变体
"
call for ...,"na. 呼吁；主张；需要；接(某人)
"
call on sb.,"na. 号召；指名要(某人)去干(某事)；请求；访问
"
call upon sb.,"na. “call on”的变体；同“call on ”
"
call sb. down,"na. 祈求；招惹(灾祸等)；申斥
"
call ... in,"na. 招；叫进；引入；调入
"
call sb. out,"na. 呼喊；大声叫唤；召集；号召罢工
"
call sth. to order,"na. (主席)请发言人遵守会场规则；〔美国〕宣布开会
"
come about,"na. 发生；(风等)变向；【航海】抢风调向
"
come across ...,"na. 尽(义务)；发现；碰见；(穿过…)来到
"
run across ...,"na. “Come across”的变体
"
come apart at the seams, 崩溃；破裂；失败
come away empty-handed,无
come between sb. and sb. else,无
come down hard on ...,"向…索取(钱等);申斥,严厉惩罚;强烈反对"
come down on ... hard,无
come down in the world,"na. 没落
"
come down to earth,"na. “come back to earth”的变体
"
come down to sth.,"v. 降至；归结起来；变为；归结为
"
come down with sth.,"na. 生病；得(病)
"
come from far and wide,无
come hell or high water,"un. 揍个屁滚尿流；无论怎样
"
come home to roost,na. 还归原主；得到恶报
come home,"na. 回国；回家；使人沉痛地感到；【航】锚脱掉
"
come in a body,无
arrive in a body,无
come in handy,"na. 迟早有用
"
come in out of the rain,无
come into one's own,"na. 取得属于自己的财产[东西]；获得应有的名誉[信用等]
"
come of age,"na. 成年；达成人年龄
"
come off it,"un. 脱落；不要吹牛皮
"
come off second best, 居第二位；输掉；被击败
come on,"na. (演员)出台；进行(很好)；(暴风雨等)起；(病,苦痛等)加深
"
come out ahead,无
come out in the wash,"na. 暴露
"
come out of one's shell,"na. 不再羞怯沉默
"
come out of the closet, 出柜；走出衣柜；公开出柜
come out with sth.,"na. 发表；讲出；泄露(秘密)；展出
"
come to a dead end,"na. 走投无路
"
come to a head,"na. (时机,事件等)成熟；逼近严重关头；(疮,疖等)化脓
"
come to a standstill, 停摆；停止；停下来不前进
come to blows over sth.,无
come to blows,"na. 互相打起来；开战
"
come to grips with sth.,"na. 扭在一起；开始努力对付
"
come to life,"na. 苏醒过来
"
come to light,"na. 显露
"
come to mind, 想到；出现在脑海中；想起
come to nothing,"na. 等于零；失败
"
come to naught,"na. 毫无结果；失败
"
come to one's senses,"na. 恢复理性；恢复知觉；苏醒过来；醒悟过来
"
come to terms with ...,"un. 谈得拢；和…达成协议；与…友好相处；追恋
"
come to terms,"na. 谈判成功；投降
"
come to the fore,"na. 发作；惹人注意
"
come to the point,"na. 说正题
"
get to the point, 言归正传；有话直说；有话直说，别吞吞吐吐
come to think of it,"na. 这样一想
"
come up,"na. 走近；上升；抬头；(暴风雨等)起
"
come up from behind,无
come up in the world,"un. 出生；成功
"
come up with ...,"na. 想出(一个主意或计划)；提出；提供；筹措
"
come what may,"na. 反正都
"
come a cropper,"na. (从马上等)摔下来；垮台；大失败
"
Come again?,"na. 请再说一遍
"
come again,"na. 请再说一遍
"
come along with sb.,"v. 随同
"
come along,"na. 进步；同意；一道来；请过来
"
Come and get it!,[口语]饭准备好了，来吃吧!
come around,"na. 赶上；达到；袭击
"
come round,"na. 苏醒；(生气的人)消除怒气；(病后)复原；(从某处)转来
"
come at ...,"v. 得到；达到
"
come back,"na. 回来；想起来；〔口语〕复原；归
"
come by sth.,"na. 到手；通过附近；〔美俚〕拜访
"
come by sth. honestly,vi. 继承
come clean with sb.,无
come down,"na. 败落；退步；(飞机的)下降
"
come home,"na. 回国；回家；使人沉痛地感到；【航】锚脱掉
"
come in,"na. 进入；当选；上台；(党派)组阁
"
come in for sth.,"na. 来取；接受；受到(处分等)
"
fall in for sth.,"na. 参与
"
come into sth.,"na. 归入；开始；得到；缔结
"
come off,"na. 同“come across”；(人)走了；(扣子,齿,发)脱落
"
come one's way,同意
come out,"na. 出来
"
come out for ...,"声明支持;表示同意,赞同;出去(散步、野餐、远足等)"
come out of nowhere, 突然出现；无中生有；突然莫名其妙地发生
come over,"na. 渡过来；(从敌方)过来；变挂；〔口语〕欺骗
"
come through,"na. 胜利；脱险；支付；捐献
"
come to,"na. 总计为；结果是；苏醒；把船朝着风头
"
come to a bad end,"un. 到年底；不会有好下场
"
come to an end,"na. 完结
"
come to an untimely end,"na. 短命
"
come to grief,"na. 失败；受伤；受欺负；出毛病
"
come to pass,"na. (事情)发生；兴起
"
come to rest,"v. 停止移动
"
come true,"na. (预言等)成事实；实现；(作物)不变种地发芽生长
"
come unglued, 情急心躁。; emotionally upset and lacking composure (informal)
come upon ...,"na. 碰到；忽然想到；突袭；要求
"
come on ...,"na. (演员)出台；进行(很好)；(暴风雨等)起；(病,苦痛等)加深
"
do a double-take,"na. 后来才明白了
"
do an about face on sth.,无
do an about face,无
do a flip-flop on sth.,无
do a flip-flop,无
do a job on ..., 损坏；损毁；狠狠地整某人
do a land office business, 门庭若市
do a number on ..., 占……的便宜；伤害；造成伤害
do away with ...,"na. 废除；干掉
"
do by sb.,na. 对待
do credit to sb.,"v. 归功于
"
do sb. credit,无
do justice to ...,"na. 公平评判；公平对待；逼真；大吃
"
do ... justice, 公平对待；和…酷似；秉行公正
do one's own thing,[口语]以自己的独特方式(或风格、特长等)表现自己的性格；干自己最喜欢(或拿手、擅长)的事；放手行事；一意孤行，为所欲为
do one's thing,"na. 做自己喜欢做的事
"
do sb. good,"v. 有益
"
do ... in,"na. 欺骗；害死；累垮
"
do in ...,"na. 欺骗；害死；累垮
"
do sb. out of sth.,"v. 骗取
"
do sb. proud, 足以使；骄傲；足以使……骄傲
do up ...,"v. 修缮；收拾
"
do ... up,"v. 修缮；收拾
"
do one's heart good,使(某人)从心眼里面高兴(或欢喜)；使(某人)欢欣鼓舞
do sth. over again, 返工
do sth. over,"na. 重做；重新装饰(房屋等)
"
do sth. the hard way,无
do the honors,"na. 尽地主之谊
"
do the trick,"na. 达到目的
"
do a snow job on sb.,"对…自吹自擂,欺骗,哄骗…"
do damage to sb.,"na. 损害
"
do one's best,"na. 竭尽所能；尽力
"
do one's duty,"na. 尽义务；尽职；尽(友)谊；服兵役
"
do one's part,"na. 尽自己本分
"
do one's bit,"na. 见 bit 条
"
do ... over,"na. 重做；重新装饰(房屋等)
"
make ... over,"na. 让；改造
"
do over ...,"na. 重做；重新装饰(房屋等)
"
make over ...,"na. 让；改造
"
do sth. by hand,无
do sth. up brown,"un. 细心搞好；把…细心地搞好
"
get a black eye, 被别人打青了眼睛；被人打青了眼眶；被打青了眼睛
have a black eye,无
get a break,"na. 时来运转
"
have a break,"v. 休息一下
"
get a bright idea,无
have a bright idea,无
get a charge out of ..., 从……中得到快感；因…而感到兴奋
get a kick out of ..., 从……中得到乐趣；从某事得到乐趣；从…得到乐趣
get a bang out of ..., 从中得到快乐；从中得到很大的乐趣；得到无比快乐
get a check-up,无
have a check-up,无
get a clean bill of health,无
have a clean bill of health,无
get a dirty look from sb.,无
get a dirty look,无
get a fair shake, 一视同仁；受到公平待遇
get a free hand with sth.,无
have a free hand with sth.,无
get a free hand, 全权负责
have a free hand,"na. 有行动自由
"
get a grasp of sth.,无
have a grasp of sth.,"掌握,通晓"
get a hand for sth.,无
get a hand,无
get a hand with sth.,无
have a hand with sth.,无
get a handle on sth., 控制；解决；掌握
have a handle on sth., 误入迷途
get a head start on ...,无
have a head start on ...,无
get a head start,良好的开端
have a head start, 有先起步的优势；领先；抢先动手
get a move on,"na. 〈口〉快点；赶快行动
"
get a hurry on,无
get a reputation as ...,无
have a reputation as ...,无
get a reputation,无
get a reputation for doing sth.,无
have a reputation for doing sth.,无
get a rise out of sb., 得到……强烈的反应；惹人生气以取乐；取笑
get a rough idea of sth.,无
get a rough idea about sth.,无
have a rough idea of sth.,无
have a rough idea about sth.,无
get a rough idea,无
have a rough idea,无
get a run for one's money,无
get a slap on the wrist,无
get a swelled head,自以为了不起
have a swelled head,自以为了不起
get a tongue-lashing,无
have a tongue-lashing,无
get a word in edgewise, 插不上嘴；向边缘；在边缘
get a word in edgeways,"na. 插嘴
"
get about,"na. 走动；旅行；(消息等)传开；忙于工作
"
get around,"na. 回避(事实)；往来；避开(法律等)；智胜(某人)
"
get after sb.,"v. 督促；训诫；责备；追逐
"
get along on a shoestring,无
get along,"na. 过日子；生活；团结；进步
"
get along with sb.,"na. (工作)进行
"
get on with sb.,"na. 同“get along ”
"
get along,"na. 过日子；生活；团结；进步
"
get on,"na. 上马；安上；过日子；相投 (with together)
"
get along without ..., 没有…也过得去；可以不需要；没有……也行
get ants in one's pants,无
have ants in one's pants,"na. (因焦急,气愤等而)坐立不安
"
get antsy,无
get at ...,"na. 抓住；了解；到达；拿得到
"
have at ...,v. 攻击；打击
get away from it all, 远离这一切；用出走的办法来摆脱烦恼；摆脱一切
get away,"na. 逃脱；出发；把…送出
"
get away with sth.,"na. 拿走；避开责备[惩罚]；〈俚〉卷(款)潜逃
"
get back at sb.,"na. 报复
"
get back on one's feet, 重新站起来；东山再起；从失败中重新站起来
be back on one's feet,无
get back to sb.,"un. 报复；回到
"
get back,"na. 取回；回来；送回；〈俚〉报复
"
get better,"na. (病)渐愈
"
get butterflies in one's stomach,[口语](临大事前)感到不舒服，感到恶心，感到不安，情绪紧张，心里发慌
have butterflies in one's stomach, 感到紧张；肚子里有蝴蝶；忐忑不安
get by with sth.,用…生活，靠…度日；用…对付过去；(欺骗)成功；侥幸；逃脱处罚
get by,"na. 走过；〈美〉勉强混过去
"
get carried away, 得意忘形；失去理智；不要被拉走了
get close to ..., 接近；靠近；与接近
get close, 靠近；接近拍摄物；靠拢过来
get cold feet,"un. 没有准备；站稳脚跟；畏缩；感到沮丧
"
have cold feet,"na. 临阵退缩；打退堂鼓
"
get credit for sth.,"na. 因…出名
"
get credit,"对……有好处
争功
取得学分"
get down to brass tacks,"na. “Come down to tacks”的变体
"
get down to business,"na. 认真干起来
"
get down to work,"na. 认真工作
"
get down to cases,"讨论重要问题,触及问题实质"
get down to the nitty-gritty,vi.追究根源
get goose bumps,无
have goose bumps,无
get goose pimples,无
have goose pimples,无
get gray hair, 变得非常焦急(或担忧); (因焦虑、担忧而) 变得更苍老
get gray hairs,无
get hold of ...,"v. 抓住；捉住
"
have hold of ...,aux.抓住
get in on the ground floor,"na. 在有利条件下参加某种事业；站在同等地位获得同等权利；取得有利地位
"
get in,"na. 进入；收(庄稼)；收集(税收,捐款等)；插入
"
get in one's hair,无
get in one's way,"挡路,妨碍"
get in touch with sb.,"na. 和…联系
"
get in touch, 取得联系；联系我们；和某某人联系
get into a mess,"na. 陷入困境；犯错误
"
be in a mess, 乱七八糟；处境困难；处境狼狈
get into full swing,无
get into high gear,"加快速度,热火朝天地展开"
get into sth., 到达什么地方；这个错误可能使他陷入困境
get into the swing of things, 顺应环境；融入其中；进入状况
get lost,"int. 〈口〉滚开；别烦我
v. 迷路；迷失；陷入…而忽略了…
"
get mixed up,"v. 搞不清
"
get moving, 行动起来；动身吧；快，赶紧
get a raw deal, 吃亏
have a raw deal,无
get off,"na. 下车；脱下(衣服等)；脱(衣)；下(马)
"
get off easy, 摆脱坏事情；没有遇到多少麻烦；幸好问题不大
get off lightly,"na. 轻易逃脱
"
get off on the wrong foot,"na. 第一步就走错了
"
get off to a bad start,开始时不好
Get off one's case!,[美国俚语]让人独自呆着；不要打扰某人；[美国俚语]让人独自(或清静)呆着；停止对别人干扰(或打搅)
Get off one's back!,不再扰乱某人；不再批评某人
Get off one's tail!,着手工作而不坐等某事发生
get on one's nerves,"na. 刺激神经；使人不安；惹恼人
"
get on ...,"na. 上马；安上；过日子；相投 (with together)
"
get on the bandwagon,[口语]看风使舵；赶浪头；人云亦云；(转而)参加得势一方；(转而)支持即将获胜的候选人(或运动)
get on one's bandwagon,无
jump on the bandwagon, 支持有获胜把握的竞选人; 参加有成功希望的事业; 倒向胜利者一边; 趋炎附势
jump on one's bandwagon,无
get lump in one's throat,无
have lump in one's throat,无
get on the good side of sb.,无
get on with ...,"na. 同“get along ”
"
get along with ...,"na. (工作)进行
"
get one's comeuppance,遭到应有的报应；受到应有的处罚
get one's ducks in a row, 安排妥当；准备就绪；妥善处理或安排
get one's feet on the ground,无
have one's feet on the ground,脚踏实地，具有务实的态度
get one's feet wet, 开始参与
get one's fingers burned,吃苦头
get one's foot in the door, 开始涉足于；我迈出成功的第一步
have one's foot in the door,[口语]获得机会参加[见foot]
get one's hands dirty,无
dirty one's hands,弄脏双手，玷污自己(的好名誉)
soil one's hands, 玷污自己的人格；做有失身分的事；干不名誉的事
get one's hands off ...,无
have one's hands off ...,无
take one's hands off ...,无
get one's hands off,无
get one's hands on ...,"un. 大干一番；拿到
"
lay one's hands on ..., 把…弄到手；获得；拥有
lay one's hands on, 把…弄到手；获得；拥有
get one's head above water,无
have one's head above water,无
get one's just desserts,无
get one's money's worth,"na. (钱花得)合算；无损失
"
get one's nose out of one's business,无
get one's second wind, 喘过气来
have one's second wind,无
get one's start,无
have one's start,无
get one's teeth into sth., 死死咬住；认真对待，全神贯注于；紧紧抓住
sink one's teeth into sth.,un. 〔地〕渗入；认真进行；狠狠地咬
get out from under ..., 脱离艰困；解除困境；度过难关
get out of a mess,无
get over ...,"na. 同“get across”
"
get physical with sb.,无
get physical, 保持身体健康；线下沙龙交流；壮丁王二娃
get religion,"na. “experience religion”的变体
"
get rolling,"开始做某事（rolling是roll的现在分词）
着手做某事（rolling是roll的现在分词）"
get second thoughts about ...,无
have second thoughts about ...,无
get set,"na. 预备
"
be set, 准备好
get sick,"na. 生病
"
get wise to ...,"na. 懂得…
"
get wise,"[美国俚语]；了解到真实情况；得知(他人的)秘密；知道；识破, 察觉；醒悟, 警觉(常与 to 连用)"
get sb. off the hook, 解围，摆脱困境，麻烦；脱离困境；摆脱沉迷之物
get off the hook, 解围，摆脱困境，麻烦；脱离困境；摆脱沉迷之物
get one's ear,无
have one's ear, 向…进言
get ... out of one's mind,暂时把某事忘掉；不去想(某事)
get ... under control,vt.控制住
have ... under control,无
get sb. out of a jam,无
get sb. over a barrel,无
have sb. over a barrel,"have over a barrel
[美国俚语] 完全支配某人(尤指在经济方面)"
get sb. under one's thumb,无
get sth. across to sb.,"v. 使…了解；使…接受
"
get sth. across,"na. 使了解；使通过；使人了解；与(人)冲突
"
get sth. off one's chest,"na. 尽情倾诉
"
have sth. off one's chest,无
get sth. off the ground,"na. 飞起；开始
"
get sth. off,"na. 下车；脱下(衣服等)；脱(衣)；下(马)
"
get sth. out in the open,无
get sth. out of one's system,无
get something out of sth., 从获益；得到…收获
get sth. straight,"na. 了解
"
have sth. straight,无
get sth. through one's thick skull,无
get sth. into one's thick head,无
get underway, 开始；启程；准备航行
have underway,无
get the air, 被解雇；被抛弃；尤指被女子抛弃
get the ball rolling, 开始；让球滚起来；使蓬勃发展
have the ball rolling,无
set the ball rolling, 开始活动；开始谈话；开始进行某种工作
start the ball rolling, 由某人开始发言；开始某一活动；打开局面
get the better of sb.,"na. 胜过
"
have the better of sb., 战胜；打败；在…中占上风
get the best of sb.,"na. 获胜；胜过
"
get the blues, 情绪低落；郁郁寡欢；蓝光
have the blues,"na. 意外地
"
get the boot,"na. 被开除
"
get the cold shoulder,"受到冷遇,讨个没趣"
get a day off,无
get the day off,无
have a day off, 休假一天；休息一天；请一天假
have the day off,"n. 休假,不用工作"
get the devil,无
catch the devil, 受到严责；受到申斥
get hell,"na. 挨训斥
"
catch hell,"na. 受惩罚
"
get the feel of sth., 掌握某事物；习惯；开始熟谙
have the feel of sth.,无
get the floor,"na. 获得发言权
"
get the glad hand,无
get the go-ahead, 获得批准
get the green light,"na. 准予通行
"
get the hang of sth., 熟悉某物的用法; 掌握做某事的窍门; 理解某事; 鉴赏
have the hang of sth.,vt.  懂得(知道 ... 的决窍)
get the hard sell,无
get the inside track,无
have the inside track, 占据内圈跑道; 占据优势，处于有利地位
get the last laugh, 取得最后胜利；笑在最后
have the last laugh, 笑在最后；取得最后胜利；笑到最后
get the jump on sb.,"na. 抢在…之前行动
"
have the jump on sb.,"na. 抢在…之前行动
"
get the last word,在争论中硬要说出最后一句话;强辩到底
have the last word,"un. 和…聊聊；最后拿主意
"
get the final word,在争论中硬要说出最后一句话;强辩到底
have the final word,在争论中硬要说出最后一句话;强辩到底
get the nod, 被选中；得到许可；被选择
have the nod,无
get the picture,"na. 〈非正式〉明白；了解
"
get the red carpet treatment,无
get the runaround,"有外遇,和异性鬼混"
get the sack,"na. 被解雇；被拒绝
"
get the ax, 炒鱿鱼；解雇
get a load off one's mind,无
get the short end of the stick, 吃亏；占便宜
have the short end of the stick,无
end up with the short end of the stick,无
get the show on the road,"un. 装璜门面；开始动起来
"
get the third degree, 遭到盘问；受到严厉质询
get the upper hand on sb.,无
have the upper hand on sb.,无
get the upper hand, 占上风；得势；占了上风
get the word, 得到命令
have the word,无
get the message,"v. 了解
"
get through sth.,"na. 花光；了结；(使)通过(议案)；及格
"
get through to sb.,"打通…电话;使自己被…理解,把自己的意思对…讲明白"
get through,"na. 花光；了结；(使)通过(议案)；及格
"
get through with sth.,"v. 完成
"
get time for ...,无
have time for ...,无
find time for ...,无
get time off,无
have time off, 有空；歇班；休假
get to one's feet,un. 觉得胆小；站起来
get to the bottom of sth.,"na. 走到…的尽头；彻底查明(问题等)
"
get time to catch one's breath,无
have time to catch one's breath,无
get to the heart of the matter,vi.抓住事物的要点
get at the heart of the matter,无
get together,"na. 聚集；集合；汇齐；积累
"
get tough with sb., 对……采取坚决态度；以强硬的方式对付；采取强硬手段对付
get tough,"na. 凶恶起来；行动勇敢
"
get under one's skin, 使某人感到激动；剌激某人；激怒某人
get up enough nerve to do sth.,无
get up enough nerve,无
get well,"na. 复原
"
get what's coming to one, 咎由自取；得到应有的奖惩；得到应得的报酬
get wind of sth.,"na. 听见；听到…的风声
"
get worked up over sth.,无
get worked up, 作色；动感情；情绪激动
get a big send-off,无
have a big send-off,无
get a Charley horse,无
have a Charley horse,无
get a crush on sb.,[口语](稚气地)爱着，迷恋上…，深深地爱上…(指少年早恋)
have a crush on sb.,"na. 迷恋
"
get a fix on sth., <口>（通过雷达等电子仪器）定出（某物的）位置
have a fix on sth.,无
get a hard time,无
have a hard time,"na. 日子不好过；遭殃
"
get a licking, <口>被痛打，被打败
take a licking,"na. 失败；弄糟；赔本
"
Get a life!,做点有益的事；振作起来；别呆头呆脑
get a red face,无
have a red face,无
get a shellacking,无
take a shellacking,无
get a start,"na. 吃惊
"
have a start,无
get ahead of,"na. 胜过
"
get ahead of ...,"na. 胜过
"
get ahead,"na. 获得成功；前进
"
get along,"na. 过日子；生活；团结；进步
"
get along in years,年老;上年纪
get along,"na. 过日子；生活；团结；进步
"
get around to sth.,"v. 找时间做
"
get away from ...,"v. 逃脱
"
get away,"na. 逃脱；出发；把…送出
"
get back at sb.,"na. 报复
"
have back at sb.,无
get back,"na. 取回；回来；送回；〈俚〉报复
"
get busy,"na. 干起来
"
get by on sth., 靠……过活
get by,"na. 走过；〈美〉勉强混过去
"
get cracking,"na. 〈非正式〉立即行动
"
get dolled up,无
get all dolled up, 盛装；打扮的花枝招展
get down to sth.,"v. 认真对待
"
get down to the facts,无
get even with sb.,偿还债务；向(某人)报仇；报复(某人)
get even,"un. 认真对待；定下心来做；报复
"
get fresh with sb.,对 ... 放肆无礼
get fresh,"na. 厚脸起来；变得无礼
"
get in on sth., 参加；加入；参与
be in on sth.,"v. 参预；加入
"
get into an argument with sb.,"na. 与…发生争论
"
get involved with ...,"na. 给…缠住
"
get involved, 参与；参与我们；介入
get it all together, 沉着冷静；沉着应战；不慌不忙
have it all together,[美国俚语]；把生活安排得井井有条；使身心都得到平衡
get it together, 振作起来；打起精神；一起分享
get it in the neck,"na. 大受攻击；遭殃
"
get mad at ...,无
get mad,"v. 发怒
"
Get off it!,"别胡扯了,别装模作样了"
get on ...,"na. 上马；安上；过日子；相投 (with together)
"
get one's best shot,无
have one's best shot,无
get one's dander up,[口语]发怒，动怒，恼火，发脾气
get one's back up,"na. 发怒
"
get one's hackles up, 令人发指
get one's Irish up,冒火，动怒，发脾气
have one's dander up,无
have one's back up,发怒，生气
have one's hackles up,无
have one's Irish up,无
get one's goat,激怒某人；嘲弄某人；挫伤某人
get one's fill of ...,无
have one's fill of ...,饱受…；厌倦于…
get one's number,无
have one's number,un. 摸熟某人的脾气；对某人的人品心中有数
get one's say,无
have one's say,"un. 发言权；表达意见
"
get one's way with ...,无
have one's way with ..., 与某人发生性关系
get one's way, 随心所欲；如某人所愿；得逞
get one's wits about one,无
have one's wits about one,"na. 头脑冷静；保持警惕
"
get out,"na. 摆脱；走出；〔命令语气〕出去!
"
get out of one's way,无
get out of sth.,"na. 逐渐放弃(恶习)；避免；由…出来；拔出
"
get ready to do,无
get ready to do sth.,无
get ready, 准备好；预备；做好准备
get ... down,"na. 开始认真对待；落下；下车；写下
"
get ... out of the way,"v. 解决；除去
"
get ... started,"v. 开始
"
have ... started,无
get something on sb.,无
have something on sb., 拿着某人的把柄；抓住某人的把柄
get stars in one's eyes,无
have stars in one's eyes, 天真烂熳
get sth.,"n. 生殖；幼兽
vi. 成为；变得；到达
vt. 使得；获得；受到；变成"
get it,"na. 懂得；挨骂
"
get sth. back,"na. 取回；回来；送回；〈俚〉报复
"
get sth. off,"na. 下车；脱下(衣服等)；脱(衣)；下(马)
"
get off sth.,"na. 下车；脱下(衣服等)；脱(衣)；下(马)
"
get sth. over with,"un. 就会过去；把…安排好；干脆了事
"
have sth. over with,无
get sth. over,"na. 同“get across”
"
get sth. sewed up,无
have sth. sewed up,无
get sth. under one's belt,无
have sth. under one's belt,无
get the advantage of sb.,"胜过,优于"
get an advantage of sb.,"胜过,优于"
get the advantage over sb.,"胜过,优于"
get an advantage over sb.,"胜过,优于"
have the advantage of sb.,"un. 得天独厚；有机会；比…幸运；比…有利
"
have an advantage of sb.,有…的优点
have the advantage over sb., 胜过；此词条
have an advantage over sb.,"na. 胜过
"
get the edge on sb.,无
get an edge on sb., 胜过；怀恨某人；胜过某人
get the edge over sb.,无
get an edge over sb.,〈俚〉胜过某人;〈美〉怀恨某人
have the edge on sb., 比……优越；比…强；战胜
have an edge on sb.,有点醉，微醉，略有醉意；(略为)胜过；(略)占优势；怨恨(某人)；怀恨(某人)
have the edge over sb., 比……占着有利地位；略胜一筹
have an edge over sb., 比某人占优势；更有优势
get the brushoff,碰了个钉子，未受注意，未被采纳，未被理睬，受到冷遇；碰了个钉子，未受注意，未被采纳，未被理睬，受到冷遇
get the business,"na. (被)粗暴地对待；(被)作弄
"
get the creeps,无
have the creeps,无
get the willies,无
have the willies,无
get the gate,"na. 被赶出
"
get the go-by,[口语]被忽视；被冷落
get the goods on sb., 抓到……的把柄；抓到某人的把柄
have the goods on sb.,vt.  知道内幕(在 ... 身上发现确凿的罪证)
get the high sign,无
get the lead out of one's pants,[美国俚语]别再拖拖拉拉；赶紧行动起来；加紧干；[美国俚语]加紧工作；开始工作，干起来
shake the lead out of one's pants,无
get the lowdown on ...,[俚语]知道…的内幕(或实情)
get the lowdown,无
get the old heave-ho,[口语]被(某人)抛弃；被(某人)解雇
have the old heave-ho,无
get the heave-ho,[口语]被(某人)抛弃；被(某人)解雇
get the once-over,无
get the slip,无
get the works,"na. 遭虐待；被杀
"
get the worst of sth., 失败于
have the worst of sth.,在…中被击败
get to first base,"na. 取得成功的；完成了第一步
"
get to first base with ...,无
reach first base,= get to first base
reach first base with ...,无
get two strikes against one,无
have two strikes against one,"na. 三击中有二击不中；〔美口语〕处境不利
"
get underway, 开始；启程；准备航行
be underway, 在进行中；处理之中；正在进行
get up,"na. 起床；起身；站起来；叫…起床
"
get used to ...,"na. 变得习惯于
"
get wet, 淋湿；弄湿；变湿
get what for,无
get with sth., 开始做；着手做
be with sth.,"na. 患(肺炎)
"
give an ear to ...,"倾听, 注意"
give one's ear to ...,无
give as good as one gets,"na. 回敬
"
give birth to ..., 生（孩子），生育; 引起，产生; 娩出; 娩
give birth, 使诞生；生孩子；产仔
give credence to sth.,"na. 相信
"
give sb. an account of ...,"na. 叙述；说明
"
give credit where credit is due, 有功则赏；谁的功劳就应记在谁的名下；归功于有功者
give free rein to sb.,对…放任；使…自由发挥；放纵；不加约束；放松缰绳，让马自由行走
give sb. free rein, 给予行动或表达上充分自由
give ground,"na. (狐狸)逃入地穴
"
give in to ...,"v. 交上；同意；接受
"
give in,"na. 让步；屈服；投降；上交
"
give it the gun,"na. 开动
"
give her the gun,[口语]使(汽车、飞机等)加快速度，使…加速行驶；加大油门；开足马力
give it to sb. straight,无
give it to sb.,[口语]处罚；痛骂；痛打；让(某人)尝尝厉害；[美国俚语]与某人性交
"give one an inch, and one will take a mile",无
"if you give one an inch, one will take a mile",无
give one one's walking papers,无
give one's right arm for ..., 不惜代价
give one's right arm, 做出任何牺牲；付出极大代价；付出任何代价都愿意
give oneself airs,"na. 自大
"
give out,"na. 发表；放出；分发
"
give rise to sth.,"na. 惹起
"
give sb. a line,无
feed sb. a line,无
give sb. a pain,无
give sb. a piece of one's mind,无
give sb. a ring, 打电话给某人；打了一个电话
give sb. a buzz,"na. 〈俚〉给某人打电话
"
give ... a wide berth, 躲避，别接近
give ... away,"na. 赠送；分发；放弃；露马脚
"
give away sth.,"na. 赠送；分发；放弃；露马脚
"
give ... up,"na. 放弃；断绝；投降；自首
"
give up ...,"na. 放弃；断绝；投降；自首
"
give sb. pause,无
give pause to sb.,"na. 使踌躇
"
give sb. the eye, 抛媚眼；送秋波；给以白眼
give sb. the shirt off one's back,[口语]把所有一切都送给别人
give sb. tit for tat,"n. 针锋相对
"
give sb. a black eye,无
give sb. a bright idea,无
give sb. to understand sth., 向某人暗示
give sth. off,"na. 发散(水蒸气等)
"
give off sth.,"na. 发散(水蒸气等)
"
give sth. out,"na. 发表；放出；分发
"
give out sth.,"na. 发表；放出；分发
"
give the bride away,无
give the devil his due,"na. 公平对待；对坏人也要实事求是；公平对待自己不喜欢的人
"
give the devil her due,无
give the game away,"na. 泄密；露馅；露出马脚
"
give up,"na. 放弃；断绝；投降；自首
"
give up the ghost,"na. 死
"
give vent to sth.,"na. 发泄
"
give voice to sth.,"na. 表现
"
give way to ...,"断裂, 倒塌, 垮了; 让某人在先, 让出, 放弃; 听任自己流露; 让步, 妥协; 被代替"
give way,"na. 倒塌；忍不住…了出来；划起来；(价格)跌落
"
give sb. a break,"na. 给(某人)一个面子
"
give sb. a dirty look, 瞪人；给了个白眼
give sb. a free hand with sth.,无
give sb. a free hand, 给予自行处理的权力；床下；放手让
give sb. a hand for sth.,无
give sb. a hand,"un. 制住；帮着干一点
"
give one a run for one's money,无
give sb. a hand with sth.,无
give sb. a hard time, 添麻烦；抱怨；使他做……非常不容易
give sb. a rough idea of sth.,无
give sb. the devil,无
give sb. hell, 挨痛骂；使人受罪；受严惩
give sb. a raw deal,无
give sb. a reputation as a sb.,无
give sb. a reputation,无
give sb. the cold shoulder, 爱理不理；冰冷的语气；冷淡对待某人
give sb. the red carpet treatment,无
give sb. the ax,[口语]；解雇(某人)，裁减(某人)，开除(某人)；削减；突然断绝和某人的关系，与…一刀两断；拒绝某人(男友或女友)，抛弃(恋人等)
give sb. the sack, 炒鱿鱼；解雇
give a good account of oneself,"na. 付清欠账
"
give chase to ...,"na. 追踪；追击
"
give chase, 追赶；追击
give of oneself, 腾出时间和力量来帮助别人；贡献自己的时间和精力；牺牲自己的时间和精力
give one one's freedom,无
give oneself up to ...,"un. 沉溺于；热心参加；埋头于
"
give oneself up,"na. 决心；断念；专心于；投降
"
give out with sth.,无
have out with sth.,无
give sb. a big send-off,无
give sth. a lick and a promise,"马虎了事,敷衍从事"
give sb. a reputation for doing sth.,无
give ... a head start on ...,无
give ... a head start,无
give sb. some skin,无
give sb. five, 击掌表示友好；结婚纪念日一样耶
slip sb. five,无
give sb. the creeps,无
give sb. the willies, 使某人很害怕
give sb. the go-ahead, 世界银行已获准
give sb. the green light,"na. 准许前进
"
give sb. the old heave-ho,无
give sb. the heave-ho,无
give sb. the once-over, 非同一般地看某人
go a long way toward doing sth.,无
go a long way in doing sth.,无
go about doing sth., 着手做某事；处理某事物；着手干某事
go about one's business,专心(或干、注意)自己的事；走开，去你的吧[多用于逐退多管闲事者]；不要干涉别人的事
go against the grain, 不合；令人讨厌或不高兴；背道而驰
go ahead with sth.,"v. 继续
"
go all out,"abbr. (=go all-out)全力以赴
"
go all the way with sb.," 完全同意…的意见,(与…)完全一致; 心甘情愿地满足…的要求; (同…)性交"
go all the way, 完全一致；完全同意；坚持到底
go to bed with sb., 与…上床来代替
go to bed,"na. 睡；同床；【印】付印
"
go ape over ...,"na. 迷住
"
go ape,"na. 变狂热
"
go around in circles, 兜圈子；转圈移动；瞎忙
go in circles, 兜圈子
go astray,"na. 走错路；误入歧途
"
go away empty-handed,无
go back on one's word,"na. 背弃诺言
"
go bad,"na. (食品,蛋等)坏掉
"
go bananas,"na. 〈非正式〉发怒；激动
"
go begging,"un. 没销路
"
go broke,"na. 破产
"
go cold turkey, 戒掉和他之间的联系；完全戒烟；快速戒掉坏习惯
go down fighting,无
go down in history, 载入史册; 名垂青史; 青史留名; 名垂千古
go downhill, 每况愈下; 走下坡路; 恶化; 衰落
go Dutch,"v. 各自付费
"
go easy on ..., 温和对待；节约使用；酌情处理
go easy,"na. 不紧张；别急!
"
go for broke,"na. 〈非正式〉孤注一掷；放手一搏
"
go for it,"na. 尽力争取；试一试
"
go from bad to worse,"na. “from bad to worse”的变体
"
go haywire,"na. 发疯；出毛病
"
go hog wild, 变得兴奋而狂乱，无约束；行动放肆；把A描写成B
go in one ear and out the other, 一耳朵进，一耳朵出；左耳进右耳出；总是忘事
go into a nose dive,"陷入困境,失败;丧失信心,心灰意懒"
take a nose dive,"大跌
暴跌
下跌"
go into a tailspin,"陷入困境,失败;丧失信心,心灰意懒"
go into effect,"v. 生效
"
take effect,"na. 有效验；生效
"
go into sth.,"na. 进入；(门等)通着；加入；参与
"
go it alone,"na. 单干
"
go like clockwork, 非常顺利
go off the deep end,"na. 游泳时投入深水；冒险；控制不住自己；发脾气
"
jump off the deep end,发脾气；[美国俚语]仓促行事；采取果断行动；=go off the deep end
go on a binge,无
go on doing sth., 继续做；继续做原来做的事；继续做同一件事
go on with sth.,"v. 继续
"
go on,"na. 往前走；继续…下去 (with； doing)；日子过得
"
go out for sth.,"na. 拚命取得
"
go out,"na. 出去；灭；辞职；下台
"
go out of one's way to do sth.,无
go out of one's way,"na. 绕弯儿走；不怕麻烦；特地；故意
"
go over like a lead balloon, 遭到反对；主张和建议不受欢迎
go over one's head, 天马行空，不知所云
go over sth.,"na. 仔细查看；仔细搜查；排练；重温
"
go over sth. with a fine-tooth comb,"na. 仔细检查；搜查
"
search sth. with a fine-tooth comb,无
go over with a bang,"〈美〉进行得非常顺利,非常成功"
go overboard,"na. 〈非正式〉(说话,做事)过头；走极端
"
go places,"na. 表演精彩；成功；出去寻乐
"
go scot-free, 安然无恙；逍遥法外；逃之夭夭
get off scot-free,逍遥法外
go sky high,无
go the distance,"na. 坚持干到最后一次
"
go through,"na. 认真检查；仔细地搜；(提案或法案)通过；被批准
"
go through channels, 按部就班
go through the motions, 走过场；虚应故事；装装样子
go through the roof, 飞涨；价格冲破屋顶；暴跳如雷
go through with sth.,"v. 完成；做到底
"
go to any length, 想一切办法；尽一切力量
go to bat for sb.,"na. 替…辩护；主张；为人辩护判决
"
go to bed with the chickens,睡得很早
go to hell,"un. 吃苦；很糟糕；活见鬼；不会睬
"
go to the devil,"na. 落魄；滚开；惨败
"
go to hell in a handbasket,迅速地堕落(或衰退)
go to pieces,"na. “fall to pieces”的变体
"
go to one's head,冲昏头脑；使自负，得意洋洋
go to pot,"na. 没落；被毁坏；垮掉；破产
"
go to the dogs,"na. 堕落；灭亡；〔美国〕努力全成泡影
"
go to the expense of doing sth.,无
go to the expense,无
go to the limit,无
go to the trouble of doing sth.,无
go to the trouble to do sth.,无
go to the trouble,"un. 出问题；费事
"
go to the wall,"na. 陷入绝境；(事业)失败；被遗忘
"
go to town,"na. 进京；〈美〉去市区买东西；过浮华生活；会活动
"
go together,"na. 相配；〔口语〕恋爱；一块儿去
"
go too far,"na. 走极端
"
go under,"na. 沉没；没落；失败；屈服
"
go to show, 说明；证明；成为某事的证据
go under the knife,"na. 动外科手术
"
go up in flames, 毁于大火; 突然地和完全的结束，破灭。毁于一旦。
go up in smoke,"na. 成为泡影；烧光；化为乌有
"
go whole hog,"na. 〈非正式〉全力以赴
"
go without saying,"na. 不待说
"
gone on,"na. 往前走；继续…下去 (with； doing)；日子过得
"
be gone on,"爱上,喜爱"
go after ...,"na. 追求
"
go all the way to sth.,无
go all the way, 完全一致；完全同意；坚持到底
go along for the ride, 逢场作戏；凑凑热闹；随大溜
go along with ...,"na. 陪[随]…一起去；赞同
"
go along,"na. 前进
"
go at ..., 职业倾向标准测试考卷
go back,"na. “Come back”的变体；回来；追溯到；回顾
"
go by the board,"na. (桅杆)折断落于船外；破产；(努力等)落空；失败
"
pass by the board,"落空,失败,输光,前功尽弃"
go chase oneself,[美国俚语]别捣乱，走开；[美国俚语] 别捣乱，走开，滚开
go fly a kite,"na. 滚开
"
go for ...,"na. 去喊；〈美〉拥护；被认为；袭击
"
go great guns,"na. 快速有成效地干
"
go in a body,无
go in for sth.,"na. 赞成；寻求；参加
"
go into action,"na. 开始行动；投入战斗
"
swing into action, 迅速采取行动
go into one's song and dance about sth.,无
go into orbit,"进入轨道;获胜;兴奋,发怒,失去自制能力"
go off,"na. 进行得 (well； badly)；(话等)冒出
"
go off half-cocked, 发脾气; 轻率作出反应
Go on!,"na. 往前走；继续…下去 (with； doing)；日子过得
"
go on,"na. 往前走；继续…下去 (with； doing)；日子过得
"
go on a fishing expedition,"na. 摸底
"
go on and on, 继续不停；说个不停；还有反复
go on strike,"na. 实行罢工
"
go out on strike,举行罢工
go one better,"na. 胜过某人
"
do one better,无
go out in search of ...,无
go out with sb., 同…去约会；和…约会；和…出去
go right through sb.,无
go round the bend, 发狂；发疯；变得歇斯底里
go around the bend,无
go so far as to say sth.,无
go stag, 不带女伴去参加舞会；未带女伴参加交际会；不带女伴参加社交集会
go steady with sb., 和某人确定关系；仅与经常约会；与…约会外出
go steady,"na. 成为关系相当确定的情侣；经常只和某一异性朋友约会出游
"
go stir crazy,无
go straight,"na. 笔直走
"
go the limit,"na. 运动赛完全局[全场]
"
go through sth.,"na. 认真检查；仔细地搜；(提案或法案)通过；被批准
"
go through the changes,无
go to Davy Jones's locker,无
go to rack and ruin,"na. (=wrack)走向毁灭 ；陷于毁灭
"
go to wrack and ruin, 毁灭，荒芜，坍塌
go to the bathroom, 上厕所；去洗手间；上洗手间
go to waste,"na. 糟蹋掉；(钱财等)被浪费掉
"
go up,"na. 上升；上城市去；腾贵；烧起来
"
go with ...,"na. 同…一致；跟…谈恋爱；带有；领会
"
go without sth.,"na. 缺少；没有…而忍受过去
"
go without,"na. 缺少；没有…而忍受过去
"
go wrong,"na. 走错路；失败
"
have a ball,"v. 〈非正式〉尽情享受；玩得开心
"
have a big mouth, 话多的人；说话冒失；大声说话
have a bone to pick with sb., 有账要算；对……不满；与…争辩
have a bone to pick,"v. 与…有争执
"
have a brush with ..., 与…发生小冲突
have a chip on one's shoulder,"na. 盛气凌人；好打架；好争吵
"
have a close shave,无
have a close call,无
have a narrow escape,"na. 九死一生
"
have a familiar ring,无
have a fit,"na. 〈非正式〉大发脾气
"
throw a fit,"na. “have a fit”的变体
"
have a go at sth.,"v. 试一试
"
have a go,"un. 走到…身边；试一试；好好干一场
"
have a good command of sth.,"na. 能自由应用(英语)
"
have a good head on one's shoulders,"na. 有见识；有能力
"
have a good thing going,无
have a green thumb, 擅长园艺；善於园艺；某人很会种花种菜
have a heart,"na. 发发慈悲
"
have a heart of gold, 有一颗金子般的心；好人；心好
have a heart of stone, 铁石心肠；心如铁石；铁石心肠的
have a heart-to-heart talk,无
have a heart-to-heart, 促膝谈心；S和B说了交心话；交心谈话
have a lot going for one,〈口〉有很多有利条件
have a lot going,无
have a lot of promise,无
have a lot on one's mind,无
have a low boiling point,无
have a near miss,无
have a penchant for sth.,无
have a penchant for doing sth.,无
have a price on one's head,被悬赏缉拿(或处死)
have a rough time of it,日子不好过
have a rough time,"na. 吃苦头
"
have a screw loose,"na. 螺丝钉松了；(精神等)有点失常[不对头]
"
have a screw missing,无
have a snowball's chance in hell,无
have a soft spot in one's heart for ...,无
have a sweet tooth,"na. 爱吃甜品
"
have a thing about ..., 特别讨厌；对…有偏见；对某事有强烈的好感
have a thing going with sb.,无
have sth. going with sb.,无
have a thing going,无
have sth. going,无
have a voice in sth.,"na. 对…有发言权
"
have a say in sth.,"v. 对…有发言权
"
have a voice, 有一个声音；发言权；有声音
have a say,"na. 有发言权
"
have a way with ...,"na. 善于处理
"
have a weakness for ..., 偏爱；酷爱；很喜爱
have a word with sb.,"na. 和…说一句话
"
have an axe to grind,"na. 别有私图
"
have an eye for ...,"v. 对…有鉴赏力
"
have an eye on ...,"na. 照看
"
have one's eye on ..., 注视；看上；留心着
keep an eye on ...,"v. 密切注意
"
keep one's eye on ...,照看，照管，照顾；密切注视，监视；注意；留神
have an eye out for ...,无
have one's eye out for ...,无
keep an eye out for ...,"na. 记住
"
keep one's eye out for ...,无
have an eye out,警觉;提防(= keep an eye out)
have one's eye out,无
keep an eye out, 警惕；注意；密切注意
keep one's eye out,无
have an itchy palm,[口语]贪财，贪贿[莎士比亚语]
have an itching palm,na. 贪财；贪贿
have another think coming,"v. 〈口〉(想)错了
"
have another guess coming,"〈口〉猜错了,想错了"
have been around,"na. 见识(很)多；世故(很)深
"
have come a long way, 有很大的进展；有大幅地进展；处境己经大大地改善
have designs on ..., 对……有不良企图；心怀觊觎；对……有不良的打算
have dibs on sth.,"na. 对…有权利
"
put dibs on sth.,vt.  要求分享对 ... 的所有权
have egg on one's face, 出丑，丢脸
have eyes in the back of one's head, 脑袋后面长有眼睛，留意到一切而不露声色
have feet of clay, 有潜藏对策严重缺点；有某种根本的弱点或错误
have foot-in-mouth disease,无
have growing pains,无
have had enough, 厌烦；用餐完毕
have had it,"v. 受够了；忍无可忍了
"
have had it up to here,无
have half a mind to do sth.,打算(做某事或说什么)；有点想(做某事或说什么)；颇有意(做或说什么)
have half a notion to do sth.,无
have it both ways,"na. 两者兼顾
"
have it in for sb.,"v. 厌恶
"
have mixed feelings about ...,对 ... 抱矛盾的态度
have money to burn,"na. 过分有钱
"
have no business doing sth., 没有理由做某事；无权或不应该做；没有理由做什么事情
have no use for ...,"na. 不需要；〈非正式〉不喜欢；讨厌
"
have no time for ..., 没时间做；没时间做事；没有时间做
have nothing to do with ...,"na. 办完；和…断绝关系；已和…无关
"
have one's back to the wall, 陷入绝境
have one's cake and eat it too,"un. 无即为有；兼而有之
"
eat one's cake and have it too,[亦作 have one's cake and eat it too] 见cake
have one's ear to the ground,[美国口语]注意人们想的和说的(以采取相应的行动)，密切注视公共舆论动向，让(自己)获得及时的新情况和动向；敏锐；精明
keep one's ear to the ground,[美国口语]注意人们想的和说的(以采取相应的行动)，密切注视公共舆论动向，让(自己)获得及时的新情况和动向；敏锐；精明
have one's finger in the pie,无
have one's hands full with ...,无
have one's hands full,"na. 手头事很多
"
have one's heart in the right place,"na. 真心实意
"
have one's heart set on sth.,"渴望,倾心于"
have one's luck run out,无
have one's nose in a book, 埋头读书；专心读书；埋首书籍
have one's nose in the air, 得意洋洋
have one's work cut out, 面临艰巨的任务；面临艰钜的任务
have other fish to fry,"na. 别有要事
"
have pull with sb.,无
have sb. on the string,无
have seen better days,"na. 过过好日子
"
have ... on one's hands,无
leave ... on one's hands,无
have ... on one's mind,惦记；挂在心上；为…担心，忧虑(某事)
have sth. against ...,认为(某事)是反对…的; 某事对…不利
keep sth. against ...,无
have sth. at one's fingertips,无
keep sth. at one's fingertips,无
have sth. at hand,无
have sth. coming,已经来了
have something up one's sleeve, 暗中有应急的计划；身怀绝技；锦囊妙计
have sth. hanging over one's head,无
have sth. in mind,"na. 记住；铭记不忘；注意
"
have sth. out with sb.,无
have sth. out,"v. 拔掉
"
have what it takes,"v. 具备成功所需的一切条件
"
have the cards stacked against sb.,无
have the devil to pay,无
have hell to pay,无
have the shoe on the other foot,无
have too many irons in the fire,"na. 揽在手里的事过多
"
have turned the corner,无
have a bad effect on ...,无
have a bad effect,无
have a bee in one's bonnet,"na. 发疯；心神不宁
"
have a blowout,无
have a case against sb.,无
build a case against sb.,无
gather a case against sb.,无
assemble a case against sb.,无
have a clean conscience about ...,无
have a clear conscience about ...,无
have a conniption,无
have a conniption fit,无
have a glass jaw,无
have a pick-me-up,无
need a pick-me-up,无
want a pick-me-up,无
have a right to do sth.,无
have the right to do sth.,无
have a scrape with ...,无
have a scrape,无
have a smoke,"na. 抽一口烟
"
need a smoke,无
want a smoke,无
have a spaz,无
have a stroke, 中风；脑溢血；脑淤血
have a whale of a time, 玩得非常痛快，过得非常愉快
have an accident,"na. 遭受意外
"
have an argument,无
have an in with sb.,无
have an in, 获得当权者的宠爱
have an out,无
have bats in one's belfry,"na. 脑筋有点怪；发痴；异想天开
"
have clean hands, （对于不道德行为）清白，无可谴责; 清白无过; 清白无辜; 清清白白
have got to do sth., 必须做；表应该；非不可
have it all over ..., 比…好，优于，胜过
have no staying power,无
have none of sth., 不允许; 不接受; 不介入; 拒绝参加
have nothing on ...,"v. 一丝不挂；比不上
"
have one's druthers,无
have one's hand in the till, 挪用公款
have one's hands tied, 束手；无能为力；束手待毙
have one's head in the clouds,富于空想，想入非非；心不在焉；想入非非；心不在焉
have one's heart go out to sb.,无
have one's heart in one's mouth,"na. 吓一大跳
"
have one's heart miss a beat,无
have one's heart skip a beat,无
have one's heart set against sth.,无
have one's heart stand still,无
have one's hide,无
have one's tail between one's legs,无
have one's wits about sb.,随机应变
keep one's wits about sb.,无
have one's words stick in one's throat,无
have oneself sth.,给自己; 使自己做
have reason to do sth.,无
have reason, 有道理；有理性；拥有理由
have rocks in one's head,[美国俚语]愚蠢；神经不正常，精神反常；发疯；神志不清
have sb. dead to rights,无
have sb. in one's pocket,"对某事稳操胜券, 探囊取物, 完全支配某人"
have ... in one's hands,无
leave ... in one's hands,无
put ... in one's hands,无
have ... in tow,"vi.拖航,拖带"
have ... on,"v. 戏弄
"
have something doing,无
have something on, 拿着某人的把柄；抓住某人的把柄
have something going for sb.,无
have something going,无
have something going with sb.,无
have something to do with ...,"v. 关系到
"
have sth. in common with ..., 与…有共同之处；和…有共同之处；有共同点
have sth. in common,"un. 没有共同之处；有某些共同之处
"
have sth. in hand,"v. 掌握
"
have sth. in stock,无
have sth. left, 剩余；剩下
have sth. made, 制造；已经使；有言
have sth. on file,无
have sth. on the ball,无
have sth. on the brain, 全神贯注于；念念不忘某事
have sth. stick in one's craw,无
have sth. to spare,无
have sticky fingers, 从没想过鲍勃会手脚不干净；小偷小摸；是小偷
have the advantage of sb.,"un. 得天独厚；有机会；比…幸运；比…有利
"
have an advantage of sb.,有…的优点
have the advantage over sb., 胜过；此词条
have an advantage over sb.,"na. 胜过
"
have the courage of one's convictions,"na. 勇于坚持自己的主张
"
have the feel of sth.,无
have the gift of gab,"na. 能说会道；有口才
"
have the right-of-way,无
have the time of one's life,"na. 快活[痛苦]已极；过着一生中最快乐的时期
"
have the wherewithal to do sth.,无
have the wherewithal,无
have them rolling in the aisles,无
have to live with sth.,无
hold all the aces, 处于支配地位；占尽上风
Hold it!,"na. “Hold everything”的变体
"
hold no brief for ..., 不支持；不为…辩护；不支持，不赞同
hold off doing sth.,无
hold off on doing sth.,无
hold on,"na. 拉住；继续；坚持下去；(打电话时)不挂断
"
hold one's breath,"na. 屏息
"
hold one's end of the bargain up,无
hold up one's end of the bargain,无
hold one's head up,"昂首, 不垂头丧气"
hold up one's head,昂起头; 感到骄傲
hold one's own,"un. 忍耐一下；逐渐成为；打了个平手；比得上
"
hold one's tongue, 保持沉默，肃静; 徐庶进曹营; 绝口不谈; 缄口
hold out for ...,"un. 坚持…要求得到同意；坚决要求:
"
hold out,"na. 伸出；提出；维持；制止
"
hold out the olive branch,"na. 伸出橄榄枝；要求和解
"
hold sb. accountable for sth., 进行问责；对…负责任
hold sb. accountable,无
hold sth. over one's head,无
hold up ...,"v. 举起；支撑；耽误；抢劫
n. 抢劫；延误；堵车
"
hold ... up as an example,树…为榜样
hold sth. against sb.,"v. 指责
"
hold the fort,"na. 守住堡垒；坚决不让步；处理日常事务；维持现状
"
hold the line at ...,无
hold the line,"na. (打电话时)等着不挂断；坚持下去
"
hold up,"v. 举起；支撑；耽误；抢劫
n. 抢劫；延误；堵车
"
hold up ...,"v. 举起；支撑；耽误；抢劫
n. 抢劫；延误；堵车
"
hold ... up,"v. 举起；支撑；耽误；抢劫
n. 抢劫；延误；堵车
"
hold your horses,"na. 沉住气
"
hold a meeting,"na. 开会
"
hold forth,"v. 提供；大发议论
"
hold one's fire,不露真情，忍着不说
hold one's peace,"na. 保持沉默
"
hold out,"na. 伸出；提出；维持；制止
"
hold sb. down,"na. 压制；牵制；阻止；压低(物价等)
"
hold down sb.,"na. 压制；牵制；阻止；压低(物价等)
"
hold ... over,"na. 将…延迟；保存；期满后继续任职；期满后继续占有
"
hold tight, 抓紧了；揪；揪      揪
hold on tight, 美国佛州流行朋克乐队Hey Monday于2008年发行的首张专辑，包含11首歌，女主唱Cassadee Pope.
keep a stiff upper lip,"na. 固执；坚持下去；毅然不动
"
have a stiff upper lip,倔强，固执，顽固；顽强不屈；不叫苦；勇敢地面对灾祸；在危险(或困难)面前挺起胸膛；不气馁；不沮丧
keep a straight face,"na. 板着面孔
"
have a straight face,无
keep abreast of sth.,"na. 跟着(时代)跑
"
be abreast of sth., 使不落后于
keep abreast,"并行
并排航行"
keep at sth.,"na. 纠缠；坚持地做
"
keep company with sb.,"na. 和…常来往；同…结伴
"
keep cool,"na. 冷(藏)着；乘凉；沉住气
"
keep house,"na. 管理家务；料理家务；当家
"
keep late hours,"na. “keep bad hours”的变体
"
keep on doing sth., 继续做某事；坚持做某事；继续作某事
keep on,"na. 继续；穿[戴]着不脱
"
keep one's chin up,"na. 始终精神昂扬
"
keep one's distance from ...,与…保持一定的距离; 对(人或事业)等冷淡
keep one's fingers crossed for ...,无
keep one's fingers crossed,"un. 对…了如指掌；祝愿
"
keep one's mouth shut about ...,无
keep one's mouth shut,"un. 互相奔告；守口如瓶
"
keep one's nose clean,"na. 不喝酒
"
keep one's word,"na. 守约；履行诺言；说话算话
"
keep pace with ...,"并驾齐驱, 齐头并进"
keep pace, 并驾齐驱；齐步并进；不落在后面
keep sb. company, 陪伴；作伴；交往
keep sb. from doing sth., 避免做；避免做某事；从某事中停下来
keep sb. in line, 管束；不准超越；禁止超越
keep sb. on tenterhooks,无
have sb. on tenterhooks,无
keep ... at bay,"na. 围住；不使…接近
"
hold ... at bay,"na. 使走投无路；遏制
"
keep at bay,"na. 围住；不使…接近
"
keep ... in check,"na. 防止；制止
"
hold ... in check,na. 阻止；制止
keep ... in mind,"na. 记在心里；记住；注意
"
bear ... in mind,"na. 记住；铭记不忘；注意
"
keep ... out,"v. 防止进入；阻止；不参加
"
keep out,"v. 防止进入；阻止；不参加
"
keep ... up,"na. 支持；保持；继续；停歇
"
keep up ...,"na. 支持；保持；继续；停歇
"
keep sb. posted, 随时告知
keep sth. to oneself,"un. 强调；紧贴；秘而不宣；独自承受
"
keep sth. under one's hat,对某事物保密
keep sth. under wraps, 秘而不宣
keep tabs on ...,"na. 看守
"
keep track of ...,"na. 追踪；记录；保持联系；密切注意…的动向
"
keep the home fires burning, 维持家庭生活；操持家务
keep the lid on sth.,"na. 隐瞒罪恶
"
keep the wolf from the door,"na. 免于饥饿
"
keep to oneself,"un. 强调；紧贴；秘而不宣；独自承受
"
keep up with ...,"na. 不落后
"
keep up,"na. 支持；保持；继续；停歇
"
keep up an act,[美国口语]做作；假装
keep up one's act,[美国口语]做作；假装
keep up with the Joneses, 赶上琼斯家；跟别人比阔；与别人比阔
keep up,"na. 支持；保持；继续；停歇
"
keep up with the times, 与时俱进；跟上时代；赶上时代
keep the ball rolling,"na. 不使(谈话)中断
"
keep your shirt on,"na. “keep your pants on”的变体
"
keep your pants on,"na. 沉住气；别着急；等一等
"
keep a civil tongue in one's head,na. 说话有礼貌；措辞谨慎
have a civil tongue in one's head,无
keep a civil tongue, 说话彬彬有礼
keep an account of sth., 记录；记载；记帐做会计员
keep body and soul together,"na. 仅能维持生活；勉强维持生计；糊口
"
keep good time,"na. (钟)准
"
keep off sth.,"na. 不让接近；不接近
"
keep off,"na. 不让接近；不接近
"
keep on with sth., 坚持；继续做
keep on,"na. 继续；穿[戴]着不脱
"
keep one's eye on the ball, 警惕；专心致志；用眼睛盯着球
keep one's eyes open for ...,无
keep one's eyes peeled for ...,"仔细观看, 留意"
keep one's eyes open,"na. 时刻提防；留神监视
"
keep one's eyes peeled,"na. 时刻提防；睁大眼睛注视
"
keep one's hand in sth.,"na. 不断练习
"
keep one's hand in,"na. 不断练习
"
keep one's own counsel,"na. 不暴露自己意图
"
keep one's temper,"na. 忍气
"
hold one's temper,捺住性子，忍住气，不使脾气发作
keep one's weather eye open,时刻警惕;密切注视[亦作 keep a weather eye on 或 out for]；随时警惕；密切注意，留心观察
keep out of sth.,"v. 置身事外；把…挡在…外
"
stay out of sth.,"v. 仍然没有
"
keep out,"v. 防止进入；阻止；不参加
"
stay out,"na. 不干涉；(在外头)不回家；不在家；坚持到
"
keep quiet about ..., 对…保持缄默；对…保密
keep still about ...,无
keep quiet,"na. (对某事)保守秘密
"
keep still,"un. 置之不理；不要动；默不作声；忍在肚里
"
keep sb. in stitches,无
have sb. in stitches,无
keep ... at a distance,"un. 保持一定距离
"
keep ... at arm's length,vt.  保持一定距离(使 ... 不与 ... 亲近)
keep ... back,"na. 隐瞒；阻止；阻止向前；忍住
"
hold ... back,"na. 阻止；踌躇；隐瞒；抑制
"
keep back ...,"na. 隐瞒；阻止；阻止向前；忍住
"
hold back ...,"na. 阻止；踌躇；隐瞒；抑制
"
keep time,"na. 使(脚)合拍子
"
keep watch on ..., 监视；引申为从上监视着；进步警戒
keep watch,"na. 看守；值班
"
keep watch over ...,无
look after ...,"na. 照看；照顾；看管；对…负责
"
see after ...,"na. 照料；照应；照顾
"
look as if butter wouldn't melt in one's mouth, （非正式）假装天真无邪（或极娴静），表面上一副老实样
look at sb. cross-eyed,无
look cross-eyed at sb.,无
look back on ...,"v. 回顾
"
look daggers at sb.,"na. 瞪着眼看
"
look down on ...,"v. 轻视；看不起
"
look down one's nose at ...,"na. 藐视
"
look for ...,"v. 寻找；探索；渴望；盼望
"
look for ... high and low,无
look high and low for ..., 到处寻找
look for trouble,"na. 捣乱
"
look forward to sth.,"na. 盼望
"
look in on ..., 1。 顺便拜访; 2。 短暂拜访; 3。 乘便拜访
check in on ...,无
look in,"na. 看看；顺便访问 (on somebody)
"
check in,"v. 〈美〉报到；(旅馆)登记
"
look into sth.,"na. 窥视；调查；过问
"
see into sth.,"na. 调查；检查；看透彻；领会
"
check into sth.,"na. 去…上班
"
look like a million dollars, <口>看起来十分健康、漂亮，气宇轩昂; 满面春风
look like a million bucks, 满面春风；看起来光鲜亮丽
look like the cat that swallowed the canary,洋洋得意，自我陶醉
look like the cat who swallowed the canary,无
look on,"na. 旁观；面向；看做
"
look on at sth.,无
look on sb. as sb., 把……看作；把看做；把当作看待
look sb. in the eye, 直视；正视
look sb. in the face, 直视
stare sb. in the face, 就在眼前
look ... over,"na. 浏览；检查；察看
"
look over ...,"na. 浏览；检查；察看
"
look ... up,"v. 查找；查阅；探望；看望
"
hunt ... up,"na. 搜索
"
look up ...,"v. 查找；查阅；探望；看望
"
hunt up ...,"na. 搜索
"
look up to sb.,"v. 尊敬；另眼看待；向…一举一动看齐
"
look like ..., 看起来与（某人或某物）相像[相似]; 很可能出现[引起]（某事、做某事）; 伣; 似
make a beeline for ..., <非正>迅速直奔; 径直前往; <口>一直奔向…; 抄近路向…走去
make a break for sth.,"na. 向…急跑
"
make a bundle, 大赚一笔；这些人赚很多钱；大捞一笔钱
make a pile,na. 发财
make a clean breast of sth.,"na. 完全吐露；剖白；完全说出(秘密等)
"
make a clean sweep of sth.,"na. 廓清
"
make a clean sweep, [体]获全胜; 风卷荷叶; 大获全胜; 劫掠一空
make a comeback,卷土重来；东山再起；进行复辟；再度走红
make a dent in sth., 削弱；取得有效进展；前进
make a fast buck,"v. 通常指用不名誉的方法快速赚钱
"
make a quick buck,无
make a federal case out of sth.,vt. 过分强调 ... 和重要性(过分夸大)
make a big deal about sth.,无
make a fuss over ...,"na. 大肆吹捧
"
make a go of it,"na. 干好
"
make a great show of sth.,无
make a hit with ...,vt.受到...的欢迎
make a hit,"na. 很受欢迎
"
make a killing,"v. 〈非正式〉大赚一笔；大捞一票；指突然赚得一大笔钱
"
make a living, 谋生；度日；维持生计
make a long story short,"na. 说得简单些
"
make a mess of sth.,"na. 把…弄糟[弄坏]
"
make a mess, 弄乱；搞成一团糟；搞得乱七八糟
make a mountain out of a molehill,"na. 小题大做
"
make a name for oneself,"na. 成名
"
make a name, 蜚声；成名；出名
make a pass at sb.,[俚语]对(女子)作非礼举动；向(女人)献殷勤，向(女人)作过分亲昵的表示；同已婚(或已订婚)的女人调情；袭击；冲向；做出举动
make a pitch for ...,"na. 为…说项
"
make a pitch, 说好话
make a play for ...,"na. 百般勾引；想方设法引诱
"
make a play,无
make a point,"na. 立论；证明论点；(比赛)得一分；照预想一样使受到感动
"
make a point of doing sth., 强调；决心，坚持；决心做某事
make a practice of sth.,"na. 老是；经常进行…；以…为惯用手段
"
make sth. a practice,无
make a run for it, 逃跑；逃之夭夭；溜掉
make a scene,"na. 吵架
"
create a scene, 制作一个场景的档案；大吵大闹
make allowance for ...,"na. 体谅；留有余地；斟酌；扣除
"
make allowance,"v. 留有余地
"
make an appearance,"na. 出面
"
make an example of sb., 惩一儆百；惩罚；惩罚…以警戒他人
make an exception for sb.,无
make an exception,"un. 破例；不寻常的人；高抬贵手
"
make an impression on sb., 给某人留下印象；给……印象；留下深刻的印象
make an impression, 留下印象；留给她印象；给人留下…的印象
make cracks,无
make cracks about ...,无
make do with ...,"na. 用(某物)设法应付
"
make do,"na. 用(某物)设法应付
"
make ends meet, 使收支相抵；量入为出；收支平衡
make both ends meet,"na. 使收支相抵；量入为出
"
make fun of ...,"na. 嘲弄
"
make fun, 开玩笑；打趣；见了同事打哈哈
make good on sth., 兑现；让……好好表现
make good money,无
make good time,"v. 进行得顺利
"
make hay while the sun is shining,无
make light of sth.,"na. 轻视
"
make little of ...,"v. 不理会
"
make no bones about it, 不加掩饰的发表看法；直截了当地处理问题
make no difference to sb.,"un. 对…无影响
"
make no difference,"un. 在意；没关系；没有差别；无动于衷
"
make no mistake about it, （非正式）不用有任何疑问，完全可以肯定
make no mistake, 别搞错；毫无疑问；别弄错
make nothing of it,无
make oneself at home,"un. 使…团结起来；随便(坐坐)
"
make or break sb.,"na. “make or mar”的变体
"
make-or-break,adj. 不成则败的；孤注一掷的
make points with sb.,无
make points,无
make sense out of ...,无
make short work of sth.,"na. 迅速处理[破坏,消费]；杀死；很快地处理
"
make fast work of sth.,无
make sb. eat crow,无
make sb. look good,无
make ... available to sb.,无
make ... tick,无
make one's blood boil, “火冒三丈”，“怒发冲冠”; 热血沸腾
make one's blood run cold, 害怕得发抖
make one's hair stand on end, 令人发指
make ... up,"na. 弥补；起草；定；签订
"
make up ...,"na. 弥补；起草；定；签订
"
make sb. the scapegoat,无
make sb. the scapegoat for sth.,无
make one's head swim,无
make one's head spin, 晕头转向；眩晕
make one's mind up,无
make up one's mind,"na. 决心 (to do)
"
make one's mouth water,使某人垂涎
make one's position clear,无
make sth. from scratch,无
make it up to sb.,"na. 赎
"
make ... out,"na. 理解；发现；起草；证明
"
make out ...,"na. 理解；发现；起草；证明
"
make something out of nothing,无
make sth. to order,"un. 定做的
"
make the best of sth.,"v. 充分利用
"
make the fur fly,"na. 兴冲冲地干；引起动乱
"
make the feathers fly,"na. 蛮干；引起动乱
"
make the dust fly,"na. 蛮干；引起动乱
"
make the grade,"na. 上陡坡；达到标准；成功
"
make the most of sth.,"na. 充分使用；尽量使好[不好]看；极为重视；尽量称赞[贬损]
"
make tracks for, 追踪；口语
make tracks somewhere,无
make up for lost time, 弥补失去的时间；把耽误的时间夺回来；补回丢失的时间
make up for sth.,"v. 偿还；赔偿
"
make up,"na. 弥补；起草；定；签订
"
make up with sb.,"na. 和…讲和[和解]
"
make use of ...,"na. 使用
"
make waves,"na. 兴风作浪；打乱正常的进程[惯例等]
"
make way for ...,"v. 让路
"
make way,"na. 进步
"
make a check out to sb.,无
make out a check to sb.,无
make a check out,无
make out a check,无
make a day of doing sth.,无
make a day of it, 做了一整天；把整天的时间用于某事上；干上整整一天
make a face at sb.,无
make faces at sb., 对…做鬼脸
make a face,"un. 正视；做鬼脸
"
make faces,"na. 做苦脸；做鬼脸
"
make a fool out of sb.,无
make an ass of sb.,v. 愚弄
make a note of sth.,"v. 记录
"
make a nuisance of oneself,"na. 被人讨厌；捣蛋
"
make a silk purse out of a sow's ear, 把劣材制成美器；把顽劣的人改造为好人；变废为宝
make an appointment with sb.,"v. 与…约定
"
make an appointment,"n. 【医】预约
"
make arrangements for ...,"na. 为…做准备
"
make arrangements, 操办；筹办；安排
make arrangements to do sth.,无
make arrangements with sb.,与某人商定
make away with ...,"na. 用光；浪费；吃掉；拿走
"
make off with ...,"na. 拐走
"
make book on sth.,无
make chin music,无
make eyes at sb.,"un. 盯着某人的眼睛；暗送秋波
"
make eyes, 抛媚眼；飞眼；送秋波
make for,"na. 有利于；对…有益；倾向于；支持
"
make free with ...,"na. 随意使用
"
make free, 自由地做；不会是使免费；使自由
make friends with sb.,"(和某人)交友, 建立友谊"
make friends, 交朋友；交友；结交朋友
make good as sb.,无
make good at sth.,无
make good,"na. 补偿；支付；履行；证明
"
make hamburger out of ...,"na. 把人打得一塌糊涂
"
make mincemeat out of ...,"make mincemeat out of
[美国俚语]揍扁，打烂；彻底击溃"
make it hot for sb.,"na. 使受不了；拼命攻击
"
make it snappy, 快点干；干脆点；乾脆点
make life miserable for sb.,无
make love to sb., 向…表示爱情；爱上；向……示爱
make love,"v. 作爱
"
make one's way through sth.,"vt.挤过,穿过"
make one's way,"na. 前往；发迹
"
make oneself conspicuous,"na. (标新立异)惹人注目
"
make oneself miserable,无
make oneself scarce,"na. 悄悄走[躲]开；退避；溜掉；不露面
"
make ... out,"na. 理解；发现；起草；证明
"
make out,"na. 理解；发现；起草；证明
"
make peace with sb.,"v. 和…和好
"
make peace,"abbr. (=peacemaker)
"
make sth. good,"na. 补偿；支付；履行；证明
"
make sth.,"vt. 使得；进行；布置，准备，整理；制造；认为；获得；形成；安排；引起；构成
vi. 开始；前进；增大；被制造
n. 制造；构造；性情
"
make sth. of sth.,"na. “make certain”的变体
"
make sth. up out of whole cloth,无
make up sth. out of whole cloth,无
make the bed, 铺床；整理床铺；整理被物
make one's bed,"na. 自作自受
"
make the scene,"na. 在某地露面；参加某项活动
"
make time with sb., <美俚>勾引（异性），与（异性）私通
make time,"na. 急往；腾出时间做(某事)；(以某种速度)进行
"
put an end to sth.,"na. 结束
"
put a stop to sth.,"na. 停止；使…停止
"
put all one's eggs in one basket,"na. 孤注一掷
"
put ideas into one's head,无
put in a good word for sb., 为……说句好话；为…美言几句；为…说好话
put in a good word, 推荐；美言；推荐美言
put in an appearance,"na. 出面
"
put in one's two cents,"v. 发表意见；说得上话；常用于美式英语
"
put in one's two cents worth,"v. 发表意见；说得上话；常用于美式英语
"
put one's two cents in,无
put on,"na. 假话
"
put on airs,"v. 装腔作势；端架子
"
put on an act,"na. 假装；装腔；炫耀自己
"
put on one's thinking cap,"na. 仔细考虑
"
put on weight,"v. 长肉；发胖；发福；体重增加
"
put one in one's place,无
put one's back into sth.,"na. 努力干(某事)
"
put one's back to sth.,无
put one's best foot forward,"na. 〈英〉拼命走；〈美〉逞能；争先快走；全力以赴
"
put one's cards on the table, 摊牌；公布自己的打算；把意图公开
lay one's cards on the table,"na. 摊牌；公开计划
"
put one's finger on sth., 点明；确切地指出；指出问题的症结所在
put one's foot down,"na. 立定脚跟；坚持立场；拿定主张
"
put one's foot down about sth.,无
put one's foot in one's mouth,"un. 朗诵；胡说八道
"
stick one's foot in one's mouth,无
put one's house in order,"na. 整理家务；进行必要的改革
"
put one's nose to the grindstone,埋头苦干；=keep one's (或 someone's) nose to the grindstone
have one's nose to the grindstone,埋头苦干；埋头苦干
get one's nose to the grindstone,无
keep one's nose to the grindstone, 使自己一刻不停地拼命干
hold one's nose to the grindstone,=have one's (或 someone's) nose to the grindstone
put one's oar in,"na. 干预
"
stick one's oar in, 管闲事；干预
put in one's oar,无
put one's shoulder to the wheel,"na. 积极工作；帮助人
"
set one's shoulder to the wheel,"na. 积极工作；帮助人
"
put out some feelers,无
throw out some feelers,无
put sb. down as sb., 看作；视为；估计
put sb. on a pedestal,无
place sb. on a pedestal, 国人捧上神坛
set sb. on a pedestal,无
put sb. on the spot,"na. 决定暗杀(某人)
"
put ... at one's disposal,无
put ... away,"v. 把…收起来；储存
"
put away ...,"v. 把…收起来；储存
"
put ... down,"na. 平定；贬低(的话)；(飞机的)降落
"
put down ...,"na. 平定；贬低(的话)；(飞机的)降落
"
put ... off,"na. 延期；辩解
"
put off ...,"na. 延期；辩解
"
put ... on,"na. 假话
"
put ... on hold,"v. 暂时中止
"
put ... out of one's mind,忘却，把…置于脑后
get ... out of one's mind,暂时把某事忘掉；不去想(某事)
put ... out to pasture,"ph. 放牧（牛羊等）；<口>退休；使……退休
"
put ... to bed,"na. 让(孩子等)睡觉；上版(备印)；〔美俚〕(编辑)清稿(付排)
"
put one's nose out of joint,无
put ... to sleep,"na. 使入睡；哄(孩子)睡；使麻醉；消除
"
send ... to sleep,na. 使入睡；哄(孩子)睡；使麻醉；消除
put sb. through the wringer,"put through the wringer
使受尽折磨；使受尽苦难"
put sb. to the test,"na. 试验
"
put sb. up to sth.,"na. 告诉
"
put sth. forward,"na. 提出(计划,意见等)；建议；促进；推举(候补人等)
"
put forward sth.,"na. 提出(计划,意见等)；建议；促进；推举(候补人等)
"
put sth. in one's way,无
put sth. in the way of sb.,使(某人)有机会做某事〔得到某物〕
put sth. in the way,无
put sth. in order,"na. 整顿
"
get sth. in order,无
put sth. into practice,"na. 实行
"
put sth. into words, 用语言表达；用语言表达出来
put sth. on paper, 把…写下来
put sth. on the back burner, 先搁置在一边
put sth. on the line, 付款
lay sth. on the line,un. 筹足
put sth. to good use, 施展；发挥；充分加以利用
put sth. to use,"na. 用
"
put sth. together,"na. 编辑；拼拢；比较考虑；使结婚
"
put together sth.,"na. 编辑；拼拢；比较考虑；使结婚
"
put the blame on ...,"v. 嫁祸于
"
put the cart before the horse,"na. 前后倒置；本末倒置
"
have the cart before the horse,无
put the finger on sb.,"na. 向警察局出卖[告密]；向当局指明犯罪罪犯[场所]；指名告发
"
lay the finger on sb.,无
put the heat on sb.,[口语]威逼，(对…)施加压力，强迫(…)付款(或干活)；[美国俚语]见 heat
put the screws on sb., （非正式）给（某人）施加心理压力，强迫（某人）
put the squeeze on sb., （非正式）对…施加压力
put the heat on,[口语]威逼，(对…)施加压力，强迫(…)付款(或干活)；[美国俚语]见 heat
put the screws on, （非正式）给（某人）施加心理压力，强迫（某人）
put the squeeze on, （非正式）对…施加压力
put two and two together,"na. 根据事实推理；推断
"
put one's money where one's mouth is, 以实际行动支持某人的观点
put up a brave front,无
put up a front,"装门面,讲排场,摆阔,打肿脸充胖子"
put up or shut up,"un. (受)骗；拿出真凭实据
"
put up with ...,"na. 忍住
"
put words into one's mouth,"na. 说是某人那样讲过；教某人怎样讲
"
put on the dog,"na. “put on dog”的变体
"
put on the feedbag, <俚>吃饭，开始吃
put one's hand on sth.,"un. 让(某人)替(自己)作主；弄到手
"
put one's hands on sth.,"un. 弄到手；算出来
"
lay one's hand on sth.,无
lay one's hands on sth., 把…弄到手；获得；拥有
set one's hand on sth.,无
set one's hands on sth.,"vt.拥有,获得"
put one's hand to the plow,无
put sb. down for sth., 把列入名单；登记；认为是
put sb. through one's paces,无
put sb. to bed with a shovel, 扶送回家上床；埋葬
put sb. to shame,"na. 给丢脸!
"
put sb. wise to ...,adj. 把告诉某人
put ... across,"na. 使承认；欺骗人；美满完成；堂堂开张
"
get ... across,"na. 使了解；使通过；使人了解；与(人)冲突
"
put ... out,"v. 扑灭；熄灭；放出；伸出
"
put out ...,"v. 扑灭；熄灭；放出；伸出
"
put ... out of the way,na. 除掉(某人)；把(某人)关进牢监
put ... up,"adj. 预先商定的
"
put sth. by,"na. 积蓄；避开(人,质问等)；搁在一边；同“put aside ”
"
lay sth. by,"na. = lay aside.
"
put sth. down to sth., 归因于；说…因而起；归因为
set sth. down to sth.,"v. 归于；认为是由
"
put sth. in,"v. 探进；放进；输入；纳入
"
put in sth.,"v. 探进；放进；输入；纳入
"
put sth. into print,na. 付印
put sth. on the cuff,无
put sth. over,"na. “put across”的变体；(船)渡过去；延期
"
put sth. over on sb.,"put over on
欺骗,占…便宜 [亦作 put one over on]"
put sth. plainly,无
put sth. straight, 纠正
set sth. straight, 失望
put sth. through its paces,无
put sth. to rest, 将这些结束；面对剩余的一切；你所乞求的一切
lay sth. to rest,"na. 使睡；埋葬；安葬；完全消除
"
put that in one's pipe and smoke it,无
put the arm on sb.,vt. 逮捕(强力制止； 向 ... 借钱)
put the bite on sb.,"na. 向…借钱；向…敲竹杠
"
put the touch on sb.,向…借钱(尤指无意归还的)
put the clamps on sb.,[美国俚语]钳住，偷得
put the clamps on,[美国俚语]钳住，偷得
put on the clamps,无
put the kibosh on sth.,"na. 挫败
"
put the skids on sth., 俚语；使赶紧；催促
put the skids on, 俚语；使赶紧；催促
put to it,"na. 折磨；强制
"
be put to it,无
run a fever,"na. 发烧；“run a temperature/fever”的变体
"
run a temperature,"na. “have a temperature”的变体
"
run a risk of sth., 冒……的危险；等等
run the risk of sth.,"v. 冒…的危险
"
take a risk of sth.,冒着…的危险
take the risk of sth.,"un. 冒…的危险
"
run a risk,"v. 冒险
"
run the risk,"v. 冒险
"
run a tight ship, 纪律严明，管理严格；管理得很严格；全面控制
run a taut ship,无
run an errand,"un. 办一件事；办件事
"
go on an errand,"na. 办差事
"
run around like a chicken with its head cut off,无
run in circles, 绕圈跑
run around in circles,"un. 兜圈子；打滚；四处乱窜；忙得团团转
"
run around with sb.,与…一起到处乱跑;与…一起鬼混作乐
run away from ...,"na. 学生从(学校)逃出；水兵从(船里)逃出；放弃(主义等)
"
run away,"na. 私奔；逃；弄不好
"
run counter to sth.,"na. 违反
"
run in the family,"na. (性格特征等)为一家所共有
"
run in the blood,"世代相传,家传,遗传"
run into a stone wall, 遇到困难；碰壁
run into a brick wall,碰壁
run off at the mouth,"na. 喋喋不休
"
run off with ...,na. 继续作用[有效]；说个不停；【印刷】印完；(排印材料)不另行
run out of sth.,"na. 用光…
"
run out,"na. 耗尽；用光；过有效期；失效
"
run over ...,"v. 轧过；碾过；演练；排练
"
run riot,"na. 猎狗认错猎物臭味乱跑；〔转义〕追来追去；越出常轨；放纵自己的想像
"
run wild,"na. 蔓延；狂暴起来；放肆起来；放荡
"
run ... down,"na. 下乡；(钟表等)停止；衰弱；赶上(人,猎物)
"
run down ...,"na. 下乡；(钟表等)停止；衰弱；赶上(人,猎物)
"
run sb. ragged,"na. 筋疲力尽
"
run scared, 战战兢兢；害怕会失败
run short of sth.,"na. 用完；缺乏
"
run short,"na. 用完；缺乏
"
run sth. into the ground,"na. 做得过头；把事情弄糟
"
drive sth. into the ground,无
run after ...,"na. 〈非正式〉追求；追赶；追捕
"
run away with ...,"na. 拐走；带着…逃跑；贸然接受(别人意见等)；消耗(金钱时间等)
"
run away,"na. 私奔；逃；弄不好
"
run for one's life,逃命
run sb. in,"na. 跑进；(火车)进站；流入；注入
"
run in sb.,"na. 跑进；(火车)进站；流入；注入
"
run ... off,"na. 逃走；流出；(火车等)出轨；越轨
"
run off ...,"na. 逃走；流出；(火车等)出轨；越轨
"
run sth. up,"na. 抬高(市价等)；升(旗等)；造；增加(费用,债款等)
"
run up sth.,"na. 抬高(市价等)；升(旗等)；造；增加(费用,债款等)
"
run through sth.,"na. 穿过；匆匆忙忙看一遍；不间断地排练；花光
"
see about sth.,"na. 注意；查看；查询；留意于
"
see eye to eye,"na. 看法一致
"
see eye to eye about sth.,无
see eye to eye on sth.,无
see sb. home,"na. 送(某人)到家
"
see sb. off,"na. 送行；送别；告别；赶走
"
see off sb.,"na. 送行；送别；告别；赶走
"
see sth. through,"na. 看穿；看透；识破；办好某事
"
see stars,"na. 眼里冒金星
"
see things,"na. 发生幻觉；“see/hear things”的变体
"
see the color of one's money,无
see the handwriting on the wall,察觉到一种传统(或制度、生活方式等)行将灭亡
see the writing on the wall, 觉察到不祥之兆；看著墙上的字迹
see the last of ...,"na. 赶走…；和…断绝关系；最后一次看见
"
see the light,"na. 顿悟；领悟；醒悟；明白
"
see the light at the end of the tunnel,看到黑暗尽头的光明，看到曙光
see the sights,"观光,游览"
see through ...,"na. 看穿；看透；识破；办好某事
"
see to ...,"na. 注意；留心；当心；检查
"
see a man about a dog, 有点事（通常用来作为离开或缺席的借口）
see fit to do sth.,无
think fit to do sth.,无
see fit,"na. 觉得…是适当的；“see/think fit”的变体
"
think fit, 宁愿；选择；认为恰当
see no objection to sth.,无
see no objection,无
see one's way clear to do sth.,无
see one's way clear,"na. 前途无阻[顺畅]
"
see red,"na. 勃然大怒
"
see the light of day,"na. “see the light”的变体
"
see the light,"na. 顿悟；领悟；醒悟；明白
"
stand a chance,"na. (很)有成功可能
"
stand a chance of,"un. 想尽办法；可能
"
stand a chance of doing sth.,无
stand behind ...,"na. 后援
"
stand back of ...,无
stand by,"na. 袖手旁观；站在旁边；待机；等待
"
stand by sb.,"na. 袖手旁观；站在旁边；待机；等待
"
stand for sth.,"na. 〈口〉忍耐；忍受；主张；拥护
"
stand in for sb., 取而代之；替代；作…的替身
stand in,"na. 加入；〈口〉使花费
"
stand in one's way,阻碍，妨碍
stand on one's own two feet,"un. 独立；自食其力
"
stand one's ground,"na. 坚守阵地；坚持主张；站稳立场；固守阵地
"
hold one's ground,"na. 坚守阵地；坚持主张；站稳立场；固守阵地
"
stand out,"na. 突出；显著；不参加战争；抵抗到底
"
stand sb. up,"na. 站起来；持久；露头角；〔美俚〕背约
"
stand up sb.,"na. 站起来；持久；露头角；〔美俚〕背约
"
stand up,"na. 站起来；持久；露头角；〔美俚〕背约
"
stand to reason,"na. 有理；合道理
"
stand up and be counted, 勇敢地站出来；公开表明自己的态度；公开表明立场
stand up for ...,"na. 拥护
"
stand up to ...,"na. 抵抗；反抗；反对；经得起
"
stand in awe of ...,"na. 怕
"
stand in awe,"vt.敬畏,对...肃然起敬"
stand on ceremony,"na. 墨守礼法；客气
"
stand over sb.,"na. 密切注意；(工作,讨论等)延期
"
stand sb. in good stead, 对你有好处
stand sb. to a treat,无
stand up with sb.,"na. 和…跳舞；(结婚时)陪侍(新郎新娘)
"
take a back seat to ..., 位于……之后；退居…的次席；面对……退居次要地位
take a back seat,"na. 谦逊；坐下席；谦下
"
take a bath on sth.,无
take a bath,"na. “have a bath”的变体
"
take a bow,"na. (在鼓掌声中)点头答礼；答谢；鞠躬答谢喝彩；〔美国〕值得赞美
"
take a break,"v. 休息一会儿
"
take one's break,无
take a chance,"na. 冒险一试
"
take a risk,"na. 冒险；【保险】承保…的险；承受保险
"
take a crack at sth., 尝试；尝试一下；试一试
take a dim view of sth.,"na. 抱悲观[怀疑]的看法
"
take a fancy to ...,"na. 爱好
"
take a liking to ...,"na. 开始喜欢…
"
take a shine to ...,"na. 喜爱；爱上；看中
"
take a gander at ...,"na. 瞧
"
take a gander,"na. 看一看
"
take a hard line, 采取强硬态度；持强硬态度
take a hard line with sb.,无
take a hint,"na. 接受别人的暗示
"
take a leaf out of one's book,无
take a look at ...,"na. (仔细)看一看
"
have a look at ...,"na. (仔细)看一看
"
take a look,"v. 看看
"
take a new turn,无
take another new turn,无
take a powder,"na. 逃掉；离开
"
take a punch at sb.,挥拳打击
take a stab at sth.,"na. 对某事有企图
"
have a stab at sth.,"na. 试图做某事
"
take a stand,"na. 困守(城池等)；立定脚跟
"
take a stand for sth.,vt.表示赞成
take a try at sth.,无
take a shot at sth.,"na. 抓牢机会；试一试
"
have a try at sth.,"vt.试做,企图支配"
have a shot at sth.,"na. “have a shot for”的变体
"
take a turn for the better,"na. 好转
"
take a turn for the worse,"v. 情况转坏
"
take action against ..., 拿起武器反对；采取行动防止；对…采取措施
take advantage of ...,"na. 乘；利用；欺骗；引诱(女人)
"
take after sb.,"na. 尾随；仿效；像
"
take aim at ...,"na. (对…)瞄准
"
take aim,"na. (对…)瞄准
"
take an interest in sth.,"na. 对…感兴趣
"
take an interest,无
take care of ...,"na. 照看；处理；清除
"
take charge,"na. 掌管；弄糟
"
take charge of ...,"负责,管理"
take exception to sth.,"na. 对…提出异议
"
take exception,"na. 表示异议；有反感
"
take five, 五拍；休息五分钟；休息几分钟
take heart,"na. 鼓起勇气
"
take heed, 留意；注意；听取
take hold of ...,"na. “Catch hold of”的变体
"
get hold of ...,"v. 抓住；捉住
"
take hold,"un. 抓住
"
take issue with sb.,"v. 争论驳斥
"
take issue,"v. 唱反调
"
take it easy on ...,小心谨慎地对待；温和地对待；[口语]少用；省着用
take it or leave it,"adj. 模棱两可或觅取妥协办法的
"
take it slow,无
take kindly to ...,"na. 自然而然地爱上了
"
take leave of one's senses,"na. 精神失常；发疯；发狂
"
take liberties with ...,"na. 跟…无礼；调戏(妇女)；损害；歪曲
"
make free with ...,"na. 随意使用
"
take no stock in sth.,"vt.不相信,不信任"
not take stock in sth.,无
take note of sth.,"na. 注意(到)
"
take note, 注意到；记下；引起注意
take notice of sth.,"v. 注意；理会；留心
"
take notice,"na. 注意；(幼儿)；开始了解事物
"
take off one's hat to sb.,"na. 向…脱帽致敬
"
take off one's hat,无
take one's hat off to sb., 表示尊敬佩服；欣赏或敬佩；向某人致敬
take offense at ..., 发怒
take offense, 见怪；生气；介意
take office,"na. 就职
"
take one at one's word,相信某人的话，听信某人，对某人的话信以为真；按某人的话去做[亦作 take someone at his word]
take one's leave of sb.,(向…)辞行；(向…)告别
take one's leave, 告辞；作别；离开
take leave of sb.,"v. 决别
"
take one's medicine,"na. 吃苦药；受到惩罚；忍气吞声做应做的事；〔俚语〕喝酒
"
take one's own life,"na. 自杀
"
take one's time,"na. 从容
"
take pains to do sth., 努力做某事；费尽苦心做某事；尽力去做
take pains,"na. 费苦心；尽力
"
take place,"na. 发生；举行
"
take root,"na. “strike root”的变体
"
take sick, 生病；得病
take ill, 生病
take sides,"na. 左袒；拥护(某方面)
"
take sb. down a peg or two,灭威风
bring sb. down a peg or two,无
let sb. down a peg or two,无
take sb. down a notch or two,无
take sb. for ...,"na. 认为；当做；弄错
"
take ... away,"adj. 买回去的
"
take away ...,"adj. 买回去的
"
take ... by storm,"na. 袭取
"
take into account ...,"na. 考虑
"
take ... into account,"na. 考虑
"
take ... by surprise,"v. 突然惊吓
"
take ... for granted,"v. 想当然
"
take ... over,"na. 接管；继承
"
take over ...,"na. 接管；继承
"
take ... wrong,无
take one's breath away, 令人咋舌；大为惊讶；目瞪口呆
take sb. to task,"v. 责骂
"
take sb. to the cleaners,"take to the cleaners
[俚语]
(赌博中)赢走(某人)所有的钱，使输得精光；使(某人)破产
强烈谴责(某人)"
take sb. under one's wing,无
take sb. under one's wings,无
take sb. up on sth.,vt. 同意；接受
take up sb. on sth.,vt. 同意；接受
take a load off one's feet,na. 坐下休息
take sth. at face value, 根据外表判断；从表面上看问题；以貌取人
take sth. in stride,un. 发扬光大；大步前进；一步能轻易跳过
take sth. lying down, 甘受；屈服於严苛的对待却不抵抗
take sth. the wrong way,"na. 走错路
"
take sth. amiss,"na. 见怪；生气；误会
"
take sth. on faith, 信以为真；无条件地相信
take sth. on the chin, 忍气吞声
take sth. out on ..., 拿…出气；向别人发泄自己的情绪；对……发泄
take sth. to heart,"v. 非常关心
"
take sth. up,"na. 拿起；举起；拾起；给搭(火车等)
"
take up sth.,"na. 拿起；举起；拾起；给搭(火车等)
"
take sth. up with sb.,"na. 甘受；忍受(虐待等)；采用；遵奉(某说)
"
take up sth. with sb.,"na. 甘受；忍受(虐待等)；采用；遵奉(某说)
"
take sth. upon oneself,"na. 负担；毅然
"
take sth. on oneself, 主动承担；把归咎自己；把归咎自己擅自
take sth. with a grain of salt,不全信；对…采取保留态度
take sth. with a pinch of salt, 将信将疑；不轻信；不大相信
take steps to prevent sth.,无
take steps,"na. 采取措施
"
take stock of sth.,"盘点存货; 检查, 评估"
take stock,"na. 清点存货；清理；审查
"
take the bitter with the sweet, 甜和苦一起吞下；接受顺境和逆境；看到痛苦中的甘甜
take the bull by the horns,"na. 挺身面对危险；(斗牛士)敢抓公牛角；不畏艰险
"
take the cake,"na. 得一等奖；超人一等；赢得奖赏；胜过别人
"
take the edge off sth.,"na. 使受挫折；减弱(胃口)；使钝
"
take the edge off,"na. 使受挫折；减弱(胃口)；使钝
"
take the Fifth, 拒绝回答；无可奉告
take the law into one's own hands,"na. ( = have the law in one's own hands) 随意处罚
"
take the liberty of doing sth.,"na. 冒昧行事
"
take the lid off sth.,"na. 揭露丑事
"
take the stand,"v. 作证
"
take the trouble to do sth.,"na. 不辞…之劳
"
take the trouble, 费力；不谦麻烦；不辞辛劳
take on too much,无
take the wind out of one's sails,先发制人；抢先占上风；(以猝不及防的行动)使人狼狈不堪；夺去某人优势；【航海学】抢他船的风路
take the words out of one's mouth,讲出某人心里要讲的话，抢先讲出某人要讲的话
take time off,"v. 休息
"
take to one's heels,"na. 溜掉
"
take up a collection, 募捐；筹款；募款
take up arms against ..., 拿起武器反对
take up one's time,无
take up room,无
take up space,无
take up time, 占用时间；花时间
take a dig at sb.,无
take digs at sb.,无
take a hand in sth.,"na. 参加
"
have a hand in sth.,"na. 干与
"
take a shot at sth.,"na. 抓牢机会；试一试
"
have a shot at sth.,"na. “have a shot for”的变体
"
take a spill, 出了一点问题；跌倒
have a spill,无
take a walk,"na. 散步
"
take a hike, 是希望别人离开，有点“哪儿凉快去哪儿” 的意味。
take a whack at ...,"na. 试试
"
take a wack at ...,无
have a whack at ...,"na. 试试
"
have a wack at ...,无
take forty winks,"打个盹儿
小睡片刻"
Take it away!,"na. 去干吧
"
take off after ..., 追逐
take out after,"追赶,追捕"
take off,"v. (飞机)起飞；出去；拿掉；移送
"
take off on sth.,无
launch forth on sth.,无
launch forth, 启航
take part in sth.,"na. 参加；贡献
"
take part,"na. 参与；参加
"
take pity on ...,"na. 因可怜…
"
have pity on ...,"na. 因可怜…
"
take sb. for sb.,"na. 认为；当做；弄错
"
take sb. in,"na. 加以考虑；〔美国〕访问；收进；收容
"
take ... apart,"na. 分解；拆分；剖析
"
take apart ...,"na. 分解；拆分；剖析
"
take ... back,"na. 退回；收回(说过的话)；承认…是错的；拿回
"
take back ...,"na. 退回；收回(说过的话)；承认…是错的；拿回
"
take ... in,"na. 加以考虑；〔美国〕访问；收进；收容
"
take in ...,"na. 加以考虑；〔美国〕访问；收进；收容
"
take ... on,"na. 担任(工作等)；较量；装(某种样子)；呈现(形势)
"
take on ...,"na. 担任(工作等)；较量；装(某种样子)；呈现(形势)
"
take sb. out,"na. 取出；带出(散步等)；除去(污点等)；取得(专卖权等)
"
take out sb.,"na. 取出；带出(散步等)；除去(污点等)；取得(专卖权等)
"
take sth. out,"na. 取出；带出(散步等)；除去(污点等)；取得(专卖权等)
"
take out sth.,"na. 取出；带出(散步等)；除去(污点等)；取得(专卖权等)
"
take sth. off,"v. (飞机)起飞；出去；拿掉；移送
"
take off sth.,"v. (飞机)起飞；出去；拿掉；移送
"
take off,"v. (飞机)起飞；出去；拿掉；移送
"
take a day off,"v. 休假一天
"
take the rap for ...,"承担刑事责任, 受责备, 代人受罚"
take the rap,"na. 挨骂；失败
"
take the starch out of sb.,"〈美俚〉使…精疲力竭;使…垂头丧气,挫…的锐气;杀…的威风;〈俚〉(指女人)同某人发生性关系"
take to ...,"na. 嗜好；开始；参加；逃入
"
take turns at doing sth.,无
take turns doing sth., 轮流做某事
take turns,"na. 替换
"
take up one's abode,无
take up with sb.,"na. 甘受；忍受(虐待等)；采用；遵奉(某说)
"
turn a blind eye to ...,"na. 对…熟视无睹；假装不见
"
turn a deaf ear to sth.,"na. 充耳不闻；装听不见[置若罔闻]
"
turn a deaf ear,"un. 回心转意；置之不理
"
turn against ...,"na. 背叛；使对抗；厌恶
"
turn back,"na. 同“turn down ”
"
turn in,"v. 向里弯曲
"
turn on a dime, 瞬息万变；变化无常；转硬币决定
turn one's back on ...,"na. 不理睬；丢弃；逃出
"
turn one's back, 不愿帮助；在别人遇到困难时；不理会某人
turn one's nose up at ...,"un. 近在眼前；把鼻子一翘
"
turn up one's nose at ...,"na. 轻视…
"
turn out,v. （以某种方式）发生；最后是；结果是 （尤指天气突然）变得（晴好） 原来是；结果发现 出席;参加;前去观看关掉，熄灭（电灯、煤气等） 出席;参加;前去观看生产；制造 （尤指把某人从其长期居住处）撵走，赶出，逐出 翻出；倒出 出席；参加；前去观看
pan out,"v. (以某种方式)结束
"
work out,"v. 作出；拟定；制定；计划一下
"
turn out to be ..., 证明是；结果是；原来是
turn over a new leaf,"na. 翻开新的一页；革面洗心；重新开始[做人]
"
turn over in one's grave, 死者虽死难安；死不瞑目
turn ... down,"na. 翻下(衣领等)；扭小(灯火等)拒绝考虑；拒绝(某人)
"
turn down ...,"na. 翻下(衣领等)；扭小(灯火等)拒绝考虑；拒绝(某人)
"
turn ... in,"v. 向里弯曲
"
turn in ...,"v. 向里弯曲
"
turn ... off,"v. 关掉
"
turn off ...,"v. 关掉
"
turn one's head,"un. 滔滔不绝；使冲昏头脑
"
turn one's stomach, 令人作呕；使恶心欲吐；恶心
turn ... on,"na. 转向；对…进行突击
"
turn on ...,"na. 转向；对…进行突击
"
turn ... out,"v. 证明；原来；到场
"
turn out ...,"v. 证明；原来；到场
"
turn ... over,"na. ￡ 500 a week 每星期卖得五百镑
"
turn over ...,"na. ￡ 500 a week 每星期卖得五百镑
"
turn sth. to one's advantage,无
turn the other cheek,"na. 泰然容忍
"
turn the tables on sb.,扭转形势；转败为胜；变劣势为优势；(与某人)主客易地；(在打牌时与某人)交换座次
turn the tables,"v. 扭转形势；扭转局面
"
turn the tide,"un. 扭转形势
"
turn to ...,"v. 向(某人)求助；求助于
"
turn around,"na. 转身；〈美〉使向好的方向转变
"
turn about,"na. 转身；立场改变；叛变；叛徒
"
turn into sth., 了解
turn on sb.,"na. 转向；对…进行突击
"
turn on the waterworks,〈口〉哇的一声哭起来(特指为了引人注意或得到想要的东西)
turn over,"na. ￡ 500 a week 每星期卖得五百镑
"
turn ... into sth., 了解
turn ... over,"na. ￡ 500 a week 每星期卖得五百镑
"
turn over ...,"na. ￡ 500 a week 每星期卖得五百镑
"
turn ... up,"v. 朝上翻；出现
"
turn up ...,"v. 朝上翻；出现
"
turn sth. around,"na. 转身；〈美〉使向好的方向转变
"
turn around sth.,"na. 转身；〈美〉使向好的方向转变
"
turn to,"v. 向(某人)求助；求助于
"
work into sth.,"na. 插入；加入；镂；突入
"
work like a horse,"na. 苦干
"
work like magic,"产生奇效,很灵验"
work on ...,"na. 对…有效[有作用]；动(人,感情等)；向…做工作；左右
"
work one's fingers to the bone, 拼命地做
work one's way through, 费劲地完成；靠做工读完；从头到尾做
work one's way up, 获得晋升；向上爬；逐步使自己地位上升
work out,"v. 作出；拟定；制定；计划一下
"
work out for the best,无
work ... in,"na. 插入；加入；镂；突入
"
work in ...,"na. 插入；加入；镂；突入
"
work ... up,"na. 刺激；煽动；刻苦完成；展开(故事的情节)
"
work up ...,"na. 刺激；煽动；刻苦完成；展开(故事的情节)
"
work sb. over,"na. 改作；仔细检查；殴打
"
work over sb.,"na. 改作；仔细检查；殴打
"
work sth. into sth.,"na. 插入；加入；镂；突入
"
work sth. out,"v. 作出；拟定；制定；计划一下
"
work out sth.,"v. 作出；拟定；制定；计划一下
"
work through channels,无
