a big potato,无
a box office smash,无
a bunch of,"det. 一束
"
a couple of,"det. 一对
"
a cushion of air,无
a heavy demand for,无
a host of,"det. 很多
"
a matter of time, 时间问题；花落花开；迟早的事
a multitude of,"na. 许多
"
a piece of cake,"na. 轻而易举的事
"
a range of,"det. 一大片；一排
"
a series of,"na. 一系列；许多
"
a set of,"det. 一套；一副
"
a shortage of,无
a slice of, 一片；一薄片；一块
a sort of,"na. 一种；可以说是…的东西
"
a stone's throw away from,无
a variety of,"det. 种种；形形色色
"
a vicious circle,"na. 恶性循环；【逻】循环论证
"
a wealth of, 大量的；丰富的；很多的
academic atmosphere, 学习氛围；学风；学业风气
academic circle, 学术界；学术圈；学院派系
access to, 接近；进入；通向…的入口
account for,"na. 证明；由于；说明(银钱等的)用途；打死
"
adapt to,"na. 使(自己行动)配合(同伴)
"
add up to,"na. 总计共达；〔口语〕总之就是
"
add ... to,"na. 增加
"
adept in,能手，老手；熟练的，拿手的；擅长于，精于，善于
adjacent to,"prep. 接近
"
adjust to,"v. 适应
"
adult education,"n. 成人教育
"
advertising campaign, 广告活动；广告宣传活动；广告运动
advice on,无
aerial photograph,"un. 航空摄影照片；航空照片；航摄像片
"
afford to,（有条件）做；能承担；买得起某物；支付的起
agree on,"na. 对…意见一致
"
agricultural workforce,无
ahead of time,"na. 比原定提前地
"
aim to,"un. 目的在于
"
air conditioning,"n. 空气调节系统
"
all of a sudden,"na. “all at once”的变体；突然
"
all set,"na. 准备妥当；准备就绪
"
all walks of life,"un. 〔外交〕各界；各行各业
"
all-talking film,无
alter the course of one's life,无
alternative fuel, 代用燃料; 人造液体燃料; 合成马达燃料; 石油燃料代用品
alternative work,无
annual fee, 年费；续展费；收取年费
annual interest rate,"un. 年利率
"
anything but,"na. 决不是；除…外什么都
"
apart from,"prep. 除了…外（都）；要不是；除了…外（还）；此外
"
appeal to,"v. 求助于；引起N
"
appear to,"un. 看来像是
"
application form,"na. “application blank”的变体
"
apply for,"v. 寻求；申请
"
approach to,"v. 接近；近似于
"
argue over,"v. 争论
"
arise from,"v. 从…而得的
"
art exhibition,"n. 画展
"
art gallery,"n. 美术馆；艺术展览馆
"
as a result,"adv. 结果
"
as a result of,"na. (作)为…的结果
"
as a whole,"na. (作为一个)整体
"
as far as,"na. 远到；就；尽；至于
"
as far as I know,"na. (= so far as I know)就我所知
"
as far as sth. is concerned,就 ... 而言
as I see it,"na. 据我看；我以为
"
as long as,"conj. 只要
"
as much as,"un. 也这样(想,认为)；不亚于
"
as though,"na. 好像；见 well 条
"
as usual,"adv. 照常；照例
"
as well as,"na. 和…一样；…不用说
"
ask for trouble,"na. 自找苦吃
"
assembly line,"na. 装配线
"
assist with, 在……上给予帮助；在…给予帮助；用物件帮助
at a loss,"na. 无办法；(猎犬)失去猎物嗅迹；亏本地
"
at a significant cost,无
at all times,"na. 不论什么时候；老是；时时
"
at any time,"adv. 随时
"
at least,"na. 至少
"
at one time,"na. 同时；曾经
"
at one's service,"乐意帮助,听.使唤"
at risk,"un. 担风险
"
at some stage,在某一阶段
at the end of,"na. 在…末端；在…的结尾
"
at the expense of,"na. 以…为代价；由…出钱；牺牲…
"
at the moment,"na. “for the moment”的变体
"
at the outset,"na. 在开头时
"
at the top of,"na. 在…最高地位；用最高[最大]的(速度,声音等)
"
at this stage,"un. 活动；在这个阶段；事到如今
"
at work,"na. 做着；在工作；起着作用；运转中
"
attach ... to,"v. 连接在…上；归于
"
attempt to,"un. 企图
"
attitude towards,"un. 对…态度
"
average salary, 平均薪资；平均工资；毕业后的薪资统计
baby cot,无
baggage reclaim,"n. （机场）行李提取处
"
bail out,"na. 保释(被告)；委托(货物)；(从飞机上)跳伞
"
bank statement,"n. 银行结单（某时期内存户存取款项的清单）
"
bank transfer,"un. 银行间转帐；银行转帐
"
bar graph,"abbr. (=bar chart)
"
bare skin,无
be absent from,"na. 不在(家)；缺(工)
"
be accompanied by,"na. 有(某人)陪伴；伴有
"
be addicted to,"na. 嗜好
"
be against,"na. 反对
"
be alienated from,与…疏远
be allergic to, 对……过敏；过敏的；花粉过敏
be around the corner, 即将来临
be associated with,"v. 与…联系
"
be attached to,"na. 爱上；隶属于
"
be attributed to,"na. 被认为是…所为
"
be based on,"v. 以…为基础
"
be beneficial to,"v. 有益于
"
be best with,无
be blamed for,"na. …为(某事)受责备
"
be bound for,"na. 船开往…；以…为目的地的
"
be bound to,"v. 一定要；决心
"
be broken beyond repair,无
be close to,"na. 接近；不离
"
be closely linked to,无
be composed of,"na. 由…组成
"
be concerned about,"na. 关心；挂念
"
be concerned with,"na. 干与；关怀
"
be confronted with,"na. 碰到(困难)
"
be confused about, 困惑於；对······感到困惑
be covered with,"na. 盖满
"
be crazy about,"v. 迷上
"
be dependent on,"na. 依靠
"
be dependent upon,依靠(他人供给吃、住、钱等)，依赖；随…而定；依…而转移
be dotted with, 点缀着；点缀著
be eligible for, 有资格；对•••有资格；合格的
be embossed with,无
be entitled to, 有权；有资格；有权做
be entitled to do,无
be equipped with,"na. 安置着；身上穿着
"
be expelled from,无
be familiar with,"na. 精通；同…相好
"
be fascinated by, 被…所吸引；迷醉；对…着迷
be flexible in,无
be fond of,"v. 爱好
"
be fussy about,无
be going extinct,无
be good with, 擅长；善于和……相处；和……相处的很好
be honest with,"na. 对…说老实话
"
be ideal for,无
be impatient with, 对…不耐烦
be in charge of, 负责；主管；管理
be in good form,无
be in good shape, 身体好；健康状况良好；状态良好
be in good health,"na. 健康
"
be incapacitated with,无
be incompatible with, 与---不相容；与…不一致；与……势不两立
be innovative with,无
be keen on,"na. 喜爱
"
be likely to do,无
be located on, 位于；坐落在；位於
be mad about,"na. 急切地想；迷于
"
be mad at,"na. 对…发怒
"
be made into, 被制成；被做成；把……制成
be made of,"na. …制的
"
be motivated to do,无
be nervous of, 害怕；对…紧张不安；担心
be on speaking terms, 只是泛泛之交；相关词组；关系好
be on the safe side, 万无一失；凡事小心为妙；为求保险，为了安全起见
be open to,"na. 易受；易接受；对…开着门
"
be opposed to,"v. 反对；与…相对
"
be packed with,"挤满..., 装满..., 塞满..."
be parallel to,"v. 与…平行
"
be popular among,无
be prepared to do,"na. 准备着
"
be prone to,"v. 易于…的
"
be proud of,"na. 以…自豪
"
be relevant to,"v. 有关
"
be removed from, 移除；从……剔除；从…移除
be replaced with,无
be responsible for,"v. 负责；担负
"
be satisfied with,"v. 满足于
"
be shocked to do,无
be shouted at,无
be sick with, 患…病；得了…病；对……觉得恶心
be stuck on,"na. 爱上
"
be suited to, 适合于；适宜；合适
be supposed to do,"na. …(在职务上)要；〈口〉不许
"
be taken aback, <航海>处于顶风位置的; 大吃一惊; 吓一跳; <航海>（帆船）突遇顶风而停止前进; 吃了一惊
be taken to court,无
be teeming with, 很多
be told to do,无
be torn between ... and,无
be unfamiliar to,无
be unwilling to do,无
be vital to, 是举足轻重的；对……至关重要的；关重要的
be well off,"na. 生活好过
"
beauty saloon,无
bed linen,"na. 床用织品
"
belong to,"v. 属于；附属
"
bend over,"na. 弯腰
"
benefit from,"v. 从…得到好处
"
best buy,"na. 买得最为合算的东西
"
best man,"n. 伴郎；男傧相
"
beware of,"v. 注意；谨防
"
bid for,"na. 投标求包(工程)；出价竞买(某物)；争取得到(拥护等)
"
blame for, 因……责备；责怪；因…怪罪
blood pressure,"n. 【医】血压
"
blow up,"v. 炸掉；爆炸；充气；放大
"
boarding school,"n. 寄宿学校
"
book over the phone,无
book ... in,"v. 预定旅馆房间
"
book up,"v. 预定
"
boost one's confidence,无
boost the efficiency of,无
bother to do,无
bother with, 为…而费心；为…操心；烦恼
box office,"n. 票房；售票处
"
brand name,"n. 品牌名称
"
break down,"v. 分解；抛锚；分析；划分
"
break off,"v. 断绝；摘；把…折断；使脱落
"
break records,无
break the record,"na. 打破记录
"
break with,"na. 与…断绝关系；破除(恶习等)
"
breeze through,"un. 轻易地通过
"
bring about,"na. 造成；带来；【航】(使船)回转
"
bring along,"na. 带来；指导
"
bring out,"na. 公布；说出；出版；上演
"
bring up,"na. 抚养；教导；教育；在…长大
"
broadband connection, 宽带连接；宽频连线；宽频网路連结
brush up lessons,无
budget price range,无
build up,"na. 同“build”；建立；复兴；【军】集结(部队)
"
build up one's confidence,无
bullet point,"n. 点句重要项目（文件中列举时用正方形、菱形等点句符开始）
"
bump into,"v. 偶然碰到；邂逅；遇见；(意外)撞到
"
burn out,"na. 烧起来；烧光；烧尽；烧断
"
bus route,"un. 公共汽车路线
"
buy sb. out,"na. 出钱使某人出让地位[产权等]；买下…的全部产权
"
by hand,"na. 用手的；用手递交的；(婴儿)用牛奶抚养的
"
by heart, 牢记；凭记忆；熟记
by installment,"un. 分期付款
"
by means of,"na. 以
"
by profession,"na. 职业是
"
by the middle of,无
by the way,"na. 见 way 条
"
call ... out,"na. 呼喊；大声叫唤；召集；号召罢工
"
call slip,n. 借书证; 请拨单
cancel one's reservation,无
capable of doing, 形成……的能力；能够做某事；有能力做某事
car exhaust fume,无
carry on,"adj. (飞机乘客的行李)可随身携带的
n. (飞机乘客的)随身行李
"
carry out,"na. 实行；开展；完成
"
case study,"n. 个案研究；专题研究；案例研究
"
cash the check,无
cash the cheque,无
cashpoint machine, 取款机；自动提款机
cast one's eyes along,无
catch a glimpse of,"na. 瞥见；看一眼
"
catch sb. red handed, 当场抓住；当场抓到；当场被捕
cater for,"un. 备办食物:；凑合
"
certificate course,无
change one's mind,"na. 改变想法
"
charter flight,"n. 包机；包机航班
"
chase up,"un. 吓跑；追回
"
chat with, 和…聊天；与…闲聊；与某人聊天
check in,"v. 〈美〉报到；(旅馆)登记
"
check on,"na. 检查
"
check out,"na. 开支票(提款)；(旅馆)付账后离开；及格；〔美俚〕死
"
check account,"un. 支票存款户
"
cheque account, 支票账户，活期存款账户
cheer ... up,"v. 鼓舞；振作一点
"
cheering section, 拉拉队
church service,"na. 礼拜；祈祷书；说教
"
civil servant,"n. 公务员；政府官员
"
classical literature, 古典文学；经典文学；古代西洋文学
classical music,"na. 古典音乐
"
clean up,"na. 收拾干净；【机械工程】改正；〔俚语〕赚厚利
"
clear off,"na. 理清(工作等)；清算；卖掉；撵走
"
closed reserve,无
closed stacks,闭架式书库
coffee break,"n. 工间喝咖啡休息时间
"
come along,"na. 进步；同意；一道来；请过来
"
come to an end,"na. 完结
"
come to nothing,"na. 等于零；失败
"
come true,"na. (预言等)成事实；实现；(作物)不变种地发芽生长
"
come up to,"na. 到达；不亚于；不负(期待)
"
come up with,"na. 想出(一个主意或计划)；提出；提供；筹措
"
commercial value,"na. 交换价值
"
commercial bank,"un. 商业银行
"
merchant bank,"n. 商业银行；投资银行
"
commit a crime,"na. 犯罪
"
common sense,"n. 常识
"
communicate with,"v. 联络
"
compare with,"na. 和…比较[对照]
"
compatible with,"adj. 与…不矛盾
"
compensate for,"v. 补偿；抵偿
"
compete with,"v. 竞争
"
complain about,"v. 埋怨
"
compound apartment,无
computer literate,"adj. 能熟练使用计算机的；会用电脑的
"
concentrate on,"na. 集中在；专心于
"
concessions for,无
confine oneself to,"只涉及,只限于"
confine oneself to doing,无
confirm a reservation,无
consist of,"v. 由…合成
"
contact lenses,n. 隐形眼镜; 接触镜，隐形镜( contact lens的名词复数 )
contrary to,"na. 跟…相反[相违背]
"
contribute to,"na. 捐助；给…投稿；捐(款)给；投寄(一篇论文)给(某杂志)
"
convert into,"v. 转换成
"
convince sb. of,"na. 使(人)承认
"
cooperate with,"un. 协作；合作
"
cope with,"v. 对付；应付
"
corporate loan, 企业贷款；筹资；境外授信业务
correspondence course,"n. 函授课程
"
cost sb. an arm and a leg,"na. 使付出一大笔钱
"
cough up,"na. “cough out”的变体；同“cough”
"
counselling service, 咨询服务；专业护理辅导；辅导服务
count on,"na. 指望；预料到；期望
"
count towards, 被包括在内；构成
course arrangement,无
course code,无
course feedback form,无
cover an area of, 占地面积；占地面积为；占地多少
cover the cost of,无
crack down,"na. 敏捷地做；拼命做
"
cramming teaching,无
credit card,"n. 【经】信用卡
"
credit point,无
creep up on,"un. 悄悄迫近；袭来；爬向
"
crime rate,"un. 犯罪率
"
cross-country race,越野跑
culture shock,文化冲击（突然处于一个与前大不相同的社会和文化环境中因而感到困惑、忧虑、烦恼的心情）
cup of tea, 喜欢；喜欢而又会做之事；爱好
currency exchange,"na. 外币兑换点
"
current account,"n. 经常收支
"
current affair, 时事资讯；时事热点；评论时事
curriculum schedule,n. 课程表
curriculum vitae,"n. 简历；（大学教师求职用的）工作履历
"
cut down,"na. 砍倒；削减；减价；夺去…活动力
"
cut out,"na. 割掉；除去；剪下；开辟
"
dash off,"na. 飞出；急忙离开；一气写成[写完](文章等)
"
date back to,"na. 回溯至
"
date of expiry,"un. 有效日期
"
daytime phone number,无
dead easy, 易如反掌；太容易了；龙蛇争霸黑暗街
deal with,"na. 办理；对待；与…交涉；与…交易
"
death toll,"n. （事故、战争、灾难等的）死亡人数
"
debate on ... with,无
department store,"n. 百货公司；大百货商店
"
departmental library,无
departure lounge,"n. 候机室
"
depend on,"v. 依靠
"
depend upon,"v. 依靠
"
deposit account,"n. 存款账户
"
deposit money in a bank,无
descend from,"na. 是…的后裔
"
die a death,无
die out,"na. 死绝
"
dip into,"na. 舀出；取出；看一看；探究
"
diploma course,无
direct line number,无
direct flight,n. 直航：飞行于两地之间，经停一个或以上机场，但不更换航班号或飞行器的航班
non-stop flight,不着陆飞航
discussion group,"n. 讨论组
"
dispute against,"v. 与…争论
"
dispute with, 争执；争论；跟…争执
distance education,"n. 广播、函授教育
"
divide into,"v. 分为
"
divide up,"v. 分割；瓜分
"
divorce rate, 离婚率；外籍配偶
do a face-to-face interview,无
do a presentation on,无
do background reading,无
do further study,无
do housework, 做家务；做家务事；做家务活
do jogging,无
do ... a favor, 帮忙；帮一个忙；做好事
do some trips,无
do ... on one's own,无
domestic market,"un. 内销市场；国内市场
"
double lock,"v. 上双锁于
"
double unit,双单位制工作面
double-bed room,双床间
draft an outline,无
draft plan,计划草案
draw out,"na. 抽出；拔出；掏出；提出
"
draw the line,"na. 划界线
"
draw up,"na. 写出；正容；整(队)；拉起(鱼网等)
"
dress rehearsal,"n. 彩排
"
dressing room,"n. （演员的）化装间；（在英式英语中指运动员的）更衣室；梳妆室
"
drop down,"na. 倒下；(风等)突然停止；沿(河)而下
"
drop in,"(使)落进；(使)往里坍塌：
偶然(或顺便)走访(或访问)(on)；逐渐进入：
[口语](有选择地)加入；愿意(或决心)参加：
【戏剧】放下(吊幕)，吊装布景："
drop out of,"v. 退出；退去
"
drop-out rate,中辍率；辍学率
dry up,"na. 干涸；逐渐枯萎；使干；(演员)忘记台词
"
due to,"un. 由于；预定；因为；亏
"
duty-free shop, 免税商店
eager to do, 急于做；迫不及待的做某事；形容词
eat out,"v. 出去吃；在外面吃饭
"
ecological balance,"un. 生态平衡
"
education system, 教育系统；教育制度；教育体制
either ... or,"n. (自动控制)“异”；按位加；二者择一
adj. 二者择一的
"
electronic gadget,无
eligible to do,无
embark on,"un. 着手
"
embark upon,"un. 登
"
emphasize on, 强调；着重点
enable ... to do, 使某人能做某事；进行作战
end up,"na. 结束；完事；[俚]死；直立着
"
end with,"na. 以…完结[终止]
"
endangered species,"na. 【生】濒危物种
"
enjoy a superb reputation,无
enquire about,"询问,打听"
enrol on,无
enrollment fee, 注册费；报名费；入学费
enrollment form,登记表
entertainment facilities,无
entertainment industry,"un. 娱乐业
"
even though,"na. “even if”的变体
"
every walk of life, 各行各业；各行各业的人
evolve into,"un. 发展成
"
except for,"na. 只有
"
excess charge,"un. 过充电
"
exchange rate,"na. 汇率
"
exchange student,"n. 交换生
"
expand one's knowledge,无
expect ... to do, 期待做某事；期望做某事；期望干
extended family,"n. 家族
"
extensive reading,"na. 泛读；博览群书
"
extra cost,"un. 额外费用；附加费用
"
eye contact,"n. 眼神接触；目光交流
"
face up to,"na. 大胆面向；正面对付；同“face”
"
faculty head,无
fall in love with,"na. 爱上
"
fall to,"na. 着手；开始用餐；争吵起来；开始攻击
"
fall upon,"na. 开始(行动)；进攻；(节日)正当；忽然看出来
"
fall on,"na. 开始(行动)；袭击；适逢；忽然看出来
"
familiarize oneself with,"na. 精通
"
family album, 走遍美国；家庭相册；家庭照相簿
family bonds,无
family planning policy, 计划生育政策；计画生育政策；家庭计画政策
family reunion, 家庭团聚；团圆；家人团聚
feel bored with,无
feel free to do,"v. 放心
"
field research,"un. 实地研究
"
field trip,"n. （常指学生进行的）野外考察
"
fill out,"na. 填写(表格等)；变胖；长胖；胖起来
"
fill ... in,"na. 填充；填写；同“fill”
"
fill ... in on, 告诉
financial assistance, 财政资助；经济援助；经济资助
financial budget,"un. 账务预算
"
financial circumstance,无
financial crisis,"na. 财政危机
"
find it's difficult to do,无
finish off,"na. 同“finish”；完成；用完；吃完
"
fire away,"na. 继续射击；〈口〉开始像连珠炮似地谈话或提问
"
fire exit,"n. 太平门
"
first aid,"n. 急救
"
first of all,"na. 第一
"
fix up,"na. 〈美口〉修理；解决；组织；安顿住处
"
flag down,"un. 提出；招呼…停车
"
floppy disk,"n. 软盘；软磁盘
"
focus on, 致力于; 使聚焦于; 对（某事或做某事）予以注意; 把…作为兴趣中心
for instance,"na. 例如
"
for lease,无
for rent,"na. 出租的；招租
"
for one thing,"na. 第一〔表示列举〕；原因之一是
"
for the sake of,"adv. 为了…起见
"
freak out,"na. 成为颓废派；使处于极度兴奋中；行动反常
"
freeze over,"na. 全面结冰
"
frequency of buses,无
from the outset,"na. 从一开始
"
at the outset,"na. 在开头时
"
full address,"un. 全地址
"
full refund, 全额偿还；全额退款；全额退费
full-time student, 全日制学生；全职学生；全时学生
fundamental differences between ... and,无
further education,"n. 继续教育
"
gain a reputation for,"赢得…的声誉,以…而出名"
gear change,"un. 齿轮变速装置；齿轮变速换排挡；变速齿轮
"
gene pool,"n. 基因库（某物种的全部基因）
"
general practitioner,"n. 普通医师
"
generally speaking,"na. 一般地说；一般地说来
"
get a good view of,无
get a move on,"na. 〈口〉快点；赶快行动
"
get a refund,无
get admitted to,无
get along with,"na. (工作)进行
"
get an extension of time,无
get behind with,"vt.在...方面落后,落后于"
get hold of,"v. 抓住；捉住
"
get hurt,"na. 受伤
"
get into,"na. 进入；穿上；成癖；陷于
"
get into the habit of,"na. 养成某种习惯
"
get into trouble,"na. 遇到麻烦；卷入纠纷；受责备；未结婚而怀孕
"
get married,"na. 结婚
"
get on one's nerve,无
get on with,"na. 同“get along ”
"
get promoted, 升职；得到提升；得到提拔
get ... down,"na. 开始认真对待；落下；下车；写下
"
get separated from,无
get straight down to,无
get stuck,"v. 上当
"
get the best deal,无
get the hang of, 熟悉某物的用法; 掌握做某事的窍门; 理解某事; 鉴赏
get through,"na. 花光；了结；(使)通过(议案)；及格
"
get to grips with,"na. 揪扭；开始努力对付
"
get used to,"na. 变得习惯于
"
give a prescription,"n. 【医】开药方
"
give comments on,无
give off,"na. 发散(水蒸气等)
"
give out,"na. 发表；放出；分发
"
give over to,"v. 把…留作；专用为鳡
"
give priority to,"na. 把优先权让给…
"
give ... a sack,无
give ... a miss,"na. 故意打一个空球；避免；不碰动
"
give away,"na. 赠送；分发；放弃；露马脚
"
give up,"na. 放弃；断绝；投降；自首
"
glance down at,无
global warming,"n. 全球（气候）变暖；地球大气层变暖
"
go ahead,"na. 取得进展
"
go away,"na. 离开；带走
"
go back,"na. “Come back”的变体；回来；追溯到；回顾
"
go bad,"na. (食品,蛋等)坏掉
"
go for a dinner,无
go for an interview,无
go for the interview,无
go hand in hand, 结伴而行；相随；手拉手地前进
go hand in hand with,"un. 帮助某人；与…一起；与…并行
"
go off,"na. 进行得 (well； badly)；(话等)冒出
"
go on a date,去约会
go on strike,"na. 实行罢工
"
go out of fashion,"na. (渐渐)过时
"
go over,"na. 仔细查看；仔细搜查；排练；重温
"
go rock climbing,无
go round,"na. 绕着走；迂回着走；运行；(食物等)人人分到
"
go surfing,无
go through,"na. 认真检查；仔细地搜；(提案或法案)通过；被批准
"
go under,"na. 沉没；没落；失败；屈服
"
go up,"na. 上升；上城市去；腾贵；烧起来
"
go with,"na. 同…一致；跟…谈恋爱；带有；领会
"
graduate from,"v. 毕业于
"
graduation ceremony,"n. 毕业典礼
"
greenhouse gas emission,温室气体排放
greenhouse effect,"n. 温室效应
"
gross national product,"na. 国民总产值
"
ground floor,"n. 底层
"
group discussion,"n. 小组讨论
"
group interview,"un. 小组面谈
"
grow up,"na. 长大
"
guided tour,"un. 有导游的观光旅游
"
hall of residence,"n. （大学）学生宿舍
"
hand in,"na. 交进
"
hand out,"na. 分；拿出来；施舍
"
hand over,"v. 转交；递给；送交(警察或有关当局)处理；移交(权力等)
"
handicapped toilet,无
hang on,"v. 坚守；守住；坚持；支撑着
"
hang on to,"na. 紧紧握住
"
hang out with, 与…出去玩；和…闲逛；与…闲逛
hang over,"na. 迫近；接近；挂在…上面；突出
"
hatch out,"na. 想出计划；同“hatch”
"
have a baby,"na. 生孩子
"
have a blast, 玩得很开心；玩得很高兴；玩个痛快
have a check,无
have a fever,"n. 【医】发烧
"
have a good relationship with,无
have a look around,无
have a look,"v. 看一看
"
have a reputation for,"na. 因…而著名
"
have a significant effect on,无
have a significant impact on,无
have a sore throat, 喉咙疼；喉咙痛；嗓子痛
have a stuffed nose,"《英汉医学词典》have a stuffed nose
鼻子不通"
have access to,"na. 得接近；得会见；得进入
"
have an overdraft,无
have disagreement on,无
have taste in,无
have a taste in,无
have faith in,"na. 相信
"
have links with,无
have no choice but do,无
have no choice but to do,"na. 除…外别无他法
"
have problems with,无
have ... done, 现在完成时；所做的每一件事；表示做了不必做的事
have trouble in doing,无
have trouble with,"v. 同某人发生纠纷
"
having said that, 话虽如此；既然盟过誓
health system, 卫生系统；医疗体系；卫生体制
healthy diet, 健康饮食；饮食健康；健康的饮食
hear about,"v. 得知；听到关于
"
help with,"v. 帮助
"
help out,"v. 帮助…摆脱困境；救出；协助
"
high heels,"n. 高跟鞋
"
high jump,"n. 跳高
"
historical viewpoint,历史观点
hit on,"na. 忽然想到；偶然发现；无意中发现；〈非正式〉搭讪
"
hit upon,"v. 碰巧发现；忽然想出
"
hold a reception,"na. 举行欢迎会
"
hold up,"v. 举起；支撑；耽误；抢劫
n. 抢劫；延误；堵车
"
home visit,"un. 出诊
"
host family, 寄宿家庭；接待家庭；东道家庭
house appliance,无
household appliance, 家用电器；家电产品；家庭电器
household budget,"un. 家庭预算
"
household waste, 生活垃圾；住户废物；家居废物
hover around,=hover about [亦作hover round]
hunt for,"na. 追猎；搜寻
"
hustle and bustle,"n. 熙熙攘攘
"
illegal profit, 不当得利；非法利益；非法利润
immigrate to,"v. 移民到
"
immune system,"n. 免疫系统
"
impose on,"v. 强迫；欺骗
"
impose upon,"v. 强迫；欺骗
"
in a dilemma, 处于进退两难的境地；左右为难；进退维谷
in a mess,"na. 肮脏；混乱；困难
"
in a position to,"adj. 能够
"
in a slump,无
in a way,"na. 在某一点上
"
in a word,"na. “in a few words”的变体
"
in accordance with,"na. 照；与…一致
"
in addition,"na. 加之
"
in addition to,"na. 加之
"
in advance,"na. 预先；在先头
"
in broad terms,无
in case,"na. 以防万一；作为准备；如果；免得〔用作连词〕
"
in case of,"na. 要是
"
in circulation,"un. 在流通中
"
in comparison, 相比之下；比较；比较起来
in comparison with,"na. 和…比起来
"
in danger,"na. 在危险中
"
in detail,"na. 详细
"
in employment, 有工作；在工作
in full blossom,"na. 盛开
"
in favour of,"na. 赞成；有利于；付与
"
in general,"na. 一般；大体上
"
in demand,"un. 要求；抢手
"
in great demand, 需要量很大；热门；很大需求
in harmony,"un. 〔音〕和弦；和声；协调一致地
"
in line with,"na. 和…成一直线；〔美国〕和…一致
"
in moderation,"na. 适中地
"
in most cases,"un. 不论怎样说；在大多数情况下；一般地
"
in need of,"adj. 需要
"
in other words,"na. 换句话说
"
in part,"na. 一部份地；有几成；在某种程度上
"
in particular,"na. 特别；一一
"
in person,"na. 亲自；身体上；外貌上
"
in place,"na. 得其所；适当的
"
in reaction to,作为对……的反应
in relation to,"na. 关于…
"
with relation to,"na. 关于…
"
in short supply,"na. 供应不足
"
in spite of,"na. spite of 不管；〔古语〕无视
"
in stock,"na. 有货
"
in store,"na. 准备着
"
in terms of,"na. 依…；从…方面；用…特有的字眼
"
in that case,"na. 既然是那样
"
in the end,"na. 终于
"
in the first place,"na. 首先；第一
"
in the heart of,"na. 在…中心
"
in the majority, 占多数；拥有多数；在大多数
in the meantime,"na. 在这期间
"
in the middle of,"na. 正在…当中；在…的中途；在…的中央；在…的中部
"
in the middle of nowhere, 在偏僻的地方；不知身在何处；后不着店
in that position,无
in the region of,"na. 在…附近
"
in the same vein, 同样情趣的；以同样的方式；以同样的风格
in this case,"na. 既然是这样
"
in total,"adv. 全部；完全
"
in ... faculty,无
incineration plant, 焚烧车间；焚烧工厂；焚化厂
incorporate ... into, 并入；把什么并入；纳入
indifference to, 对……漠不关心；对……不关心；对…无动于衷
individual circumstance,无
information desk,"na. 问讯处
"
information explosion,"信息[情报,知识]爆炸"
insight into, 洞察；对…深刻理解；洞察力
insist on,"v. 坚持；强调
"
inspire ... to do,无
instant coffee,"na. 即溶咖啡
"
instant hit,无
instead of,"prep. 代替；作为…的替换
"
insufficient for,无
insurance for,无
integrate into, 融入到……中去；成为一体，融入；使并入
intensive reading,"na. 精读
"
interest rate,"n. 利率
"
interest-free overdraft,无
interfere with,干扰，干涉；妨碍；触动或弄坏；乱动；与……抵触
interior decoration,"na. 室内装饰；室内装饰术
"
inter-library service,无
international trade,"n. 〔商〕国际贸易
"
introduce ... to, 介绍；介绍给；向……介绍
iron out,"na. 烫平；用铁滚轧平；压平(物价)；消除
"
irreversible damage, 不可逆的损伤；不可逆损害
it makes no sense to,无
it's a pleasure for ... to do,无
it is absolutely essential for ... to,无
becomes absolutely essential for ... to,无
it's no exaggeration to say that,无
it's worthwhile to do,无
it's necessary to do,无
job description,"n. 工作职责说明；岗位责任说明
"
job responsibility, 工作职责；职位职责；工作职责一
joint account,"na. (银行存款等的)联合账户
"
joint effort, 共同努力；共同尽力；共同勤奋
just as well,"adv. 同样；完全一样
"
keep fit,"na. 保持健康
"
keep in touch with,"v. 与…保持接触
"
keep on the file,无
keep ... in mind,"na. 记在心里；记住；注意
"
keep to oneself,"un. 强调；紧贴；秘而不宣；独自承受
"
keep watch on, 监视；引申为从上监视着；进步警戒
keep-fit studio,无
kick ... out of, 从……中取乐；以……为乐
kill off,"na. 消灭
"
kind of,"na. 有点儿；有几分
"
knock down,"na. 打倒；拆除；拆卸；(拍卖时)敲槌卖出
"
know ... backwards and forwards,无
known as, 被称为；被认为是；以…而闻名
landfill site,"un. 垃圾填埋地点
"
last but not least,"na. 最后但不是最不重要的一点
"
late fee,"na. (英国邮局在规定时间之后投递邮件所收的)过时补加费
"
launch new products,无
laundry fee,无
lead into,把…带入; 导致; (道路等)通向
lead to,"na. 通向
"
learn through,无
lecture on, 讲授；有关…的讲座；有关…的演讲
letter of acceptance,"un. 承兑函
"
leisure time,"un. 空闲时间
"
lend an ear, 倾听；倾听一下；你会懂得倾听
letter of recommendation,"un. 推荐书
"
life expectancy,"n. 预期寿命；预计存在（或持续）的期限
"
light rail,"na. 轻轨
"
line up,"na. 整顿(机械等)；排成一列；使(兵士)排齐；整顿阵容
"
live music,"n. 现场音乐
"
living condition,"n. 生活状况
"
loads of,"adj. 大量；许多
"
local resident, 当地居民；离岛居民；离岛居民票
log on,"un. 注册
"
log in,"na. 进入电脑工作系统；“log on”的变体
"
long jump,"n. 跳远
"
look ahead,"na. 考虑未来；“look/think/plan ahead”的变体
"
look back,"na. 回头看；回顾；追想 (to；upon)；(对事业等)不起劲
"
look forward to,"na. 盼望
"
look through,"na. 浏览；翻查；对…视而不见；看穿
"
look up,"v. 查找；查阅；探望；看望
"
lose sight of,"na. 看不见了…；忘了…；失踪了
"
lose temper,"v. 生气
"
lottery ticket,"n. 彩券
"
lower the rate of,无
low-risk investment,无
loyalty to, 对---的忠诚；对……忠心；忠诚于
lucky you, 幸运牌手；幸运赌神；幸运的你
lunar calendar,"na. 阴历
"
maid of honor,"na. 宫女；〈美〉女傧相
"
main branch,"un. 主汊道
"
main course,"abbr. (=mainsail)主要课程；主菜
"
main topic,无
make a complaint, 抱怨；投诉；提出投诉
make a deep impression,无
make a detour,"na. 迂回
"
make a hit,"na. 很受欢迎
"
make a nominal charge,无
make note of,无
make a note of,"v. 记录
"
make a provisional booking,无
make a quick getaway,无
make a reference to,无
make a wish, 许愿；许个愿；许一个愿望
make allowances for,"un. 考虑到
"
make an application,无
make an appointment,"n. 【医】预约
"
make an effort to,"un. 使劲…；努力
"
make efforts to, 尽一切努力
make an exception,"un. 破例；不寻常的人；高抬贵手
"
make an exception of,把…作为例外
make clear, 弄清楚；澄清；表明
make difference,"un. 有差别
"
make friends with,"na. 跟…做朋友
"
make great progress, 取得巨大进步；取得很大进步；取得巨大的进步
make headway, 取得进展；有进展；取得进步
make it difficult for ... to do,无
make notes,"un. 打听；记下；审批
"
make one's blood boil, “火冒三丈”，“怒发冲冠”; 热血沸腾
make out of,"na. 用…制做…；理解；了解
"
make seat reservation,无
make sure,"na. 尽力做到；深信；务必；务请
"
make up one's mind,"na. 决心 (to do)
"
make up,"na. 弥补；起草；定；签订
"
make use of,"na. 使用
"
make waves,"na. 兴风作浪；打乱正常的进程[惯例等]
"
make the ... conclusion,无
draw the ... conclusion,"得出结论,推断"
man of the year,"n. 当年头号人物；当年最有影响的人物
"
management layer, 管理层；管理层级；治理层
man-made object,无
manual gear,无
many thanks to ... for doing,无
market economy,"un. 市场经济
"
market share,"n. 【商】市场份额；市场占有率
"
marketing consultant, 市场顾问；营销顾问；行销顾问
mass media,"n. 大众传媒
"
maximum profit,"un. 最大利润
"
medium-sized city,中等城市
meet the deadline,"v. 按限期完成
"
meet one's needs,无
meet up,"v. 偶尔遇见
"
meet up with,"na. 遇着
"
metropolitan area,"n. 城市群
"
military use, 军事用途；军用；军用的
mind doing, 介意做某事；介意作某事；介意干某事
mind you,"na. 你听着〔表示让步或提出条件的插句〕
"
misplace trust in,无
more or less,"na. 有几分；约；或多或少；一点也…
"
motivate ... to do,无
mountain climbing,"n. 爬山；登山；攀岩
"
move along,"v. 往前移动
"
move away from ... to,无
move forward,"na. 前进
"
move on,"na. 继续前进；(使)继续前进；〔交通警察命令〕向前!
"
move on to, 继续；移到；转向
multiple entry visa, 多次入境签证；多次往返签证；多次签证
musical instrument,"n. 乐器
"
natural resources,"na. 自然资源；天然资源
"
natural scenery, 自然景观；自然风光；自然风景
never mind,"un. 没关系；不要紧；开诚布公地谈
"
nine-year compulsory education, 普九教育标准
no charge,"un. 免收费用；无触点检波器；不用付钱
"
no exception, 没有例外；无一例外；不例外
no substitute for,无
non-native speaker, 非母语者；非母语语文学习；非英语为母语者
non-smoking section,"n. 禁烟区
"
nose dive,"na. 【航】俯冲；〈比喻〉(价格等的)猛跌；(事业等的)骤衰
"
not always be the case,无
not for circulation,无
not have a clue about,无
not mean any offense on,无
not only ... but also,"na. 不但…而且…；不仅…而且…
"
not to mention,"na. …不用说
"
not ... but rather,无
note down,"un. 记录
"
notice board,"na. 布告牌
"
now that,"na. 由于
"
nuclear family,"n. 核心家庭
"
nursing care, 护理；护理照护；护理服务
ocean current,"n. 海流
"
off campus,"na. 在校外
"
off topic,adj. （尤指因特网上的讨论）与主题不相干的，跑题的
offer opportunity for ... to do,无
give opportunity for ... to do,无
office staff,"un. 职员
"
on a roll,"na. 〈非正式〉顺利的；走运的
"
on average, 平均；平均起来；通常
on business,"na. 因公
"
on campus,"na. 在校内
"
on display,"un. 公开展出
"
on hand,"na. 现有；〈美〉出席；〈美〉在近处
"
on impulse, 一时冲动；一时心血来潮；冲动的
on one's behalf,"为…的利益,代表"
on one's way to,无
on request,"na. 承索(即寄等)
"
on second thoughts,"na. 经重新考虑后；再次考虑后
"
on strike,"adj. 罢工
"
on the margin of,"处于…的边缘,濒临…"
on the minus side,"缺点
在不利方面"
on the other hand,"na. 从另一方面来说；在另一方面
"
on the phone,"un. 正在打电话
"
on the same wavelength,"na. 观点一致
"
on the weaker side,无
on the whole,"na. 整体上说
"
on top of,"na. 在…之上；逼近；胜任(工作等)；掌握(情况等)
"
one's best bet,无
the best bet, 突然发财；喜从天降；最好的选择
open a bank account, 开立银行帐户；开户；开银行账户
open admission,免试入学制；开放式入学
open stacks,无
open ticket,"un. 不或未确定起飞日期的有效机票
"
open shelves, 开架式；开架式的；开放式货架
opening time,"n. （酒吧的法定）开始营业时间
"
other than,"na. 与…不同；除了
"
ought to do, 应该做某事；应该做……如；应当做
out of bounds,"na. 越界；禁止…入内
"
out of character,"na. 不适当[适合]
"
out of date,"adj. 过时的；缺乏新信息的；陈腐的；失效的
"
out of print,"na. (书等)已脱销；已绝版
"
out of shape,"adj. 变形
"
out of temper,"na. 动气
"
out of the way,"na. 向旁边；让开；迷失；误
"
out on loan, 借出的；已经借出的；已借出
over and above,"na. 远远超过…以上；加之；除…以外
"
over the phone, 用电话交谈；通过电话；在电话里
overseas student,"n. 外国留学生
"
owe ... to,"v. 由于；把…归功于
"
ozone layer,"n. 臭氧层
"
pace of life, 生活节奏；生活的节奏；生活步伐
packing list,"[化] 装箱单; 装箱明细表
[经] 装箱单, 花色码单, 包装货物详单"
pain killer,"n. 【医】止疼药
"
parallel to,"v. 和…相似
"
parent organization, 上级组织；组织；母体
parking lot,"n. 停车场
"
parking permit, 停车证；停车许可；停车许可证
parking sticker, 停车许可证；停车贴条；停车证
part exchange,"n. 部分抵价交易；以旧换新交易
"
part-time job, 半日工作; 兼职
participate in,"v. 参加；分享
"
passport photo, 护照照片；护照相片；证件照
pay a ... deposit,付保证金(押金)
pay a mortgage,无
pay the mortgage,无
pay attention to,"na. 注意
"
pay for,"na. 付开销；赔偿(损失)；(为某种过失)付出代价；吃亏
"
pay off,"na. 偿清(债务等)；付清；发清(工钱)；发清工钱解雇
"
pay tribute to, 表示敬意；称赞；致敬
peak time,"un. 高峰期；洪峰时段
"
per person, 每人；每位；人均
personal contents insurance,无
personal possession,个人占有
personal statement, 个人陈述；自传；个人自述
personality questionnaire,人格问卷
personally speaking, 就个人来说；就我个人而言；我个人认为
personnel management,"un. 人中事管理
"
phone bill, 电话费；有电话费；电话账单
phone up,"na. 打电话叫人；同“phone”
"
pick one's brain,无
pick out,"na. 挑选；掘出；闻出；领会
"
pitch in,"na. 热情参加
"
places of historical interest,无
plan on,"na. 想要
"
plastic bag,"n. 胶袋
"
play a significant role,无
plenty of evidence has shown that,无
point of view,"n. 观点；态度；意见；看法
"
point out,"na. 指出
"
population growth,"un. 人口增长；种群增长
"
pose a threat to, 对…有一种威胁；对……构成威胁；对……造成威胁
postgraduate student, 研究生；硕士研究生；研究生同学
potential customer,"un. 潜在消费者
"
potential problem,"un. 潜在的问题
"
prefer ... to,"un. 较喜欢；宁愿:
"
present oneself,"na. 出席(会议等)；出现(在听众面前等)；到场
"
prevent ... from, 防止；阻止；预防
price range,"n. 价格范围
"
price structure,"un. 价格结构
"
pride oneself on,"na. 以…自豪
"
proficient in, 精通；精于；在…方面很熟练
proficient at, 精通；擅长；熟练
profound influence, 深远影响；深层影响；深远的影响
projection system,"un. 投影系统
"
promote sustainable development,无
property insurance,"n. 〔经〕财产保险
"
propose a toast,"na. 建议举杯祝酒
"
protect ... from, 保护；保护……免受；不受…之害
provide ... with,"v. 供给；供应
"
public transport system, 公共交通系统；公用运输系统
publicity leaflet,无
pull out,"na. 拔(牙等)；把船划出；(车,船等)开出；(人)出发
"
pull up,"v. 拔起；使…停下
"
punch in, 打卡上班; 在（某物）上打（孔）（常指用专用工具）; 把（钉子等）钉入木头; 用拳击（某人鼻、眼、脸或腹等部位）
punch line,"n. 指一整段笑话中最后几句最能引人发笑的点睛之笔
"
punch out,"un. 穿孔输出；向外传球；记录下班时间
"
push up,"v. 提高；强使(物价等)上升
n. 【体】俯卧撑
"
put aside,"na. “set aside”的变体
"
put down,"na. 平定；贬低(的话)；(飞机的)降落
"
put emphasis on,"na. 着重在；强调
"
put one's feet up,"na. 双腿平搁起来休息
"
put ... at risk,无
put ... on to,na. 向某人点明…
put ... through,"na. 经受；测试；试验；使…通过
"
put together,"na. 编辑；拼拢；比较考虑；使结婚
"
put up,提供；建造；举起；提高；推举，提名；供给…住宿；直接行动
queue up,"n. 长队；车队；辫子
v. 把(头发)梳成辫子；〈英〉排(成)队
"
range from ...,"v. 范围自N
"
range from ... to, 范围从到；从……到……的范围；在……中变化
rather than,"na. 而不
"
raw materials,"na. “raw material”的变体
"
recommend ... to, 交付；向…推荐；把…推荐给某人
recommend ... for,"un. 推荐；介绍:
"
recover from,"v. 恢复
"
refer to,"v. 查阅；提到
"
reference letter, 推荐信；介绍信；推荐信两份
reference materials, 参考资料；参考物质；标准样品
reference number,"un. 参考号数；参考数；基准数；引用号
"
reference source,"un. 参考源；参比光源；对照源；标准放射源
"
reference stacks,无
refrain from,"na. 戒(烟)
"
refresh one's memory,唤起自己(或某人)的记忆；使自己(或某人)重新想起；(温习一遍)加深自己(或某人)的记忆
refresher course,"n. 进修课程
"
regard as,"v. 当作
"
regardless of,"prep. 不管；不顾；不理会
"
register with, 挂的号；注册码；登记
registered mail,"n. 挂号邮寄
"
registration fee,"un. 挂号费；注册费
"
regular meeting,"un. 例会
"
relate to,"na. 有关联；与…有关；理解
"
relay race,"na. 接力赛跑
"
release pressure,释放压力
religious practice,无
rely on,"v. 依靠；信赖
"
rely upon,"v. 依靠；信赖
"
remind ... of,"v. 提醒
"
removals van,无
research assessment,无
research method,"un. 研究方法
"
research methodology, 研究方法；研究方法论；研究方法学
resistant to,"adj. 抵抗
"
respond to,"v. 响应
"
response rate,"un. 反应率；反应速度；灵敏度
"
response to, 反应；回应；对……的回答
result from,"v. 由于
"
result in,"na. 终于(失败)
"
ringback tone,"振铃音,回铃音"
roam about, 流浪；流荡；漫游
root for,"v. 声援
"
round-trip ticket, 往返票，双程票
roundabout route,迂回的路线，绕行路线；迂回的路线
routine work,"un. 日常工作；常规操作；常规作业
"
run across,"na. “Come across”的变体
"
run into,"na. 冲进；(河)注入(海)；撞上；到达
"
run out of,"na. 用光…
"
run risks, [体]冒险; 冒风险
run the risk of,"v. 冒…的危险
"
run through,"na. 穿过；匆匆忙忙看一遍；不间断地排练；花光
"
run wild,"na. 蔓延；狂暴起来；放肆起来；放荡
"
rush hour,"n. (上,下班的)高峰期
"
rush off, 匆忙走掉；冲出；匆忙离开
sanitary condition, 卫生条件
satisfy the need of,无
save a back-up copy,无
save up,"na. 同“save”；贮(蓄)
"
saver ticket,无
savings account,"un. 存款帐户
"
scare off, <非正>使（某人）望而却步，吓跑…
scenic spot,"un. 〔游〕风景区
"
science fiction,"n. 科幻小说；科幻电影
"
security entrance,无
sell out,"na. 卖完；脱销；背叛；〈美口〉欺骗
"
semi-detached house, 半独立屋；半独立式住宅；花园也用篱笆隔开
send out,"na. “send forth”的变体
"
senior citizen,"n. 老年人（委婉说法，尤指退休者）
"
serve ... with,"na. 拿出…给(某人)；提供；供给
"
service charge,"n. （另加的）服务费；（付给餐馆侍者的）小费；（付给房东的）服务费
"
set aside,"na. 搁置；拨出；驳回
"
set back,"na. 阻碍；延迟；〈非正式〉花费
"
set down,"na. 记入；登记；定；设
"
set out,"n. 开始；出发；动身；准备
"
set off,"na. 分；分割；划开；区划
"
set the table,"na. “lay the table”的变体
"
set up,"na. 建立；创立；发起；开办
"
settle down,"na. 定居；成家；移居；平静下来
"
share the view on,无
shift work,"n. 倒班；轮班
"
shock value,"un. 冲击值
"
shoot a film, 拍电影；拍摄一个镜头；拍摄电影
show off,"na. 卖弄；〈贬〉自以为是；趾高气扬；炫耀
"
show up,"na. 显眼；揭发；嘲笑；露面
"
shut down,"na. 关闭；关拢(窗等)；停业；禁止
"
side effect,"n. 副作用；意外结果；函数副作用
"
sightseeing spot,无
sign a contract with,无
sign up,"na. 同“sign”
"
single-speed cycle,无
sit in,"na. 占座抗议
"
sit with,"v. 照料
"
slip from ... to,无
slip on,"na. 一下子穿上
"
slow down,"na. 闲下来；减缓；放慢速度；减速
"
snap up,"na. 咬住；突然插嘴
"
so forth, 等
soak up,"v. 吸取
"
social interaction,"un. 〔哲〕社会交互作用；社会相互作用
"
social welfare,"na. 社会福利；社会福利救济
"
soft drink,"n. 软饮料（不含酒精）
"
soil conditioner,"na. 土壤改良剂
"
solar energy,"na. 太阳能
"
sort ... out,"na. 清理
"
sound good, 听起来不错；听起来很好；听起来好
spare time,"un. 业余时间；业余的
"
spark off,"v. 引爆
"
speak at natural speed,无
speak of,"na. 讲起；特别推荐说
"
speak up,"na. “speak out”的变体
"
speak up for, 替……说好话；为…说话
special clinic,无
specialized course,无
speed up,"na. 加快(机器等的)速度；使加紧做
"
split off,"na. 劈开；分开；分裂出来
"
spoken English,"na. 英语口语
"
spot on,"adj. 完全正确；对极了
"
spring up,"na. 跳上来；发生；萌芽；出现
"
sprout up, 出现
staff room, 教员休息室；教研室；教员室
stand for,"na. 〈口〉忍耐；忍受；主张；拥护
"
stand out,"na. 突出；显著；不参加战争；抵抗到底
"
standard of living,"n. 生活水平
"
start off,"na. 动身
"
start up,"n. 创办中的公司；开机
v. 开办；发动(机器,引擎等)
adj. 新开张的
"
start with a clean slate,"na. (改过)自新；重新开始
"
state-run enterprise,无
stay in touch with, 与……保持联系；与……保持联络；和……保持联系
stay within the budget,无
stereo system,"un. 立体声系统
"
stick shift,"n. 变速杆；换挡杆；手动变速车
"
stick in one's mind,无
stick to,"na. 忠于
"
stock market,"n. 股市；证券交易（所）；股票交易（所）
"
store ... away,"na. 把…贮藏起来
"
store ... up,"na. 贮藏；记住
"
straight away,"adv. 马上
"
strip down, 拆开；脱下；脱去
strive for,"v. 争取；奋发图强；收下
"
student account, 学生账户；银行中的学生帐户；银行中的学生账户
student handbook, 学生手册；学生守则；学生及家长手册
student union,"na. 〈美〉(大学生)学生活动大楼
"
students' union, 学生会； 学生活动中心（大楼）
subscription fee, 费；订购费；申购费
suffer from, 患（某种病），受（某种病痛）折磨; 因…而受罚[苦，损]; 闹; 罹
suggestion box, 意见箱；门诊满意调查回收意箱；门诊满意调查回收意见箱
suitable for,"adj. 适合于N
"
summit conference,"na. 最高级会议
"
summit meeting,"n. 最高会议
"
superior to,"adj. 胜过；优于
"
surf the Internet, 上网；网上冲浪；上网冲浪
sweep across,"un. 一刀两断；席卷
"
swimming costume,"na. 游泳衣
"
table tennis,"n. 乒乓球运动
"
take a sip of,无
take a stroll around,无
take a ... view of,"观察,视察,检查"
take an ... view of,无
take a ... view towards,无
take an ... view towards,无
take advantage of,"na. 乘；利用；欺骗；引诱(女人)
"
take ages,无
take an interest in,"na. 对…感兴趣
"
take ... as an example, 一定的榜样
take care of,"na. 照看；处理；清除
"
take control of, 控制；掌管；取得对……的控制
take down,"na. 扯下；卷起；记下；卸下
"
take ... into account,"na. 考虑
"
take account of,"na. 考虑
"
take ... into consideration,"v. 顾及
"
take a heavy toll, 遭受重创；付出惨重的代价；造成重大损失
take a heavy toll on,无
take its toll, 造成损失；造成伤亡；伤害某人
take its toll on,无
take notes,"na. 做记录
"
take off,"v. (飞机)起飞；出去；拿掉；移送
"
take one's breath away, 令人咋舌；大为惊讶；目瞪口呆
take one's temperature,"na. 量体温
"
take out insurance, 买保险；投保；加入保险
take over one's business,无
take pictures, 照相；拍照；拍照片
take pity on,"na. 因可怜…
"
take responsibility for, 对…负责；负责；负起对…的责任
take the role of,无
take unpaid leave,无
take up,"na. 拿起；举起；拾起；给搭(火车等)
"
talcum powder,"n. 滑石粉；爽身粉；扑粉
"
talk through, 讨论；通话完毕；电话接通
tax revenue,"n. 税收
"
teaching facilities,无
team spirit,"n. 合作精神；集体精神；团队精神
"
tear down,"na. 拆毁；扯下；猛冲
"
telephone interview,"un. 电话调查
"
telephone rental,无
tell ... from,"un. 辨别；区分开:
"
tend to,"v. 倾向于；有助于
"
thank goodness for,无
thanks to,"v. 感谢；幸亏；多亏
"
the last thing ... want to do,无
the best bet, 突然发财；喜从天降；最好的选择
your best bet, 你最好赌注；智夺天下；你最好的选择
theme park,"n. 主题公园
"
through and through,"na. 完完全全；彻头彻尾
"
tick away,"v. 滴答作响
"
tick by,过去滴答声过去
ticket office,"na. 票房
"
tie ... in,"n. 搭配在一起出售的[货品]；联系
"
tie ... in to,"un. 嵌入
"
tie ... in with,"un. 牵制；与…联合在一起
"
time difference,"na. 时差
"
to be frank,"na. “to be honest/frank/serious”的变体
"
to be precise,"na. 确切地讲
"
to one's surprise, 使……惊讶的是；竟然；让某人惊讶的是
to some extent,"na. 在某种程度上
"
to some degree,"adv. 多多少少
"
to sum up, 总之；概括地说；总之，总而言之
to the best of one's knowledge, 就某人所知；尽人所知；据自己所知
to the point,"na. 露骨；中肯
"
tourist attraction,"na. 旅游胜地；吸引游客的事物
"
tourist destination, 旅游目的地；旅游景点；旅游胜地
tow ... away, 拖走；车辆被拖走；拖吊
track and field,"n. 田径运动
"
trade fair,"n. 商品展销会；商品交易会
"
trade show,"na. 【影视】试映
"
trade ... in,"na. 用交换方式购入
"
trade on,"na. 利用(某人的)名声
"
trade up,"n. 卖次买好；以次换好的买卖
"
traffic congestion,"na. 交通拥塞
"
traffic jam,"n. 堵车；交通阻塞
"
traffic noise,"un. 交通噪声
"
trail away, 散去; （声音）逐渐变弱
trail off,"na. (声音)逐渐消失；“trail away”的变体
"
train of thought,"un. 思路
"
transfer to,"v. 转移给
"
translate ... into,"v. 译成
"
transportation system,"un. 运输系统
"
travel agency,"n. 旅行社
"
travel light,"na. 轻装旅行；轻装简行
"
traveller's cheque,旅行支票（等于traveler's check）
traveller's check, 旅行支票；旅行支票收藏指正
try on,"na. 试穿；〈非正式〉搞恶作剧(以试探能否被容忍)；〈非正式〉耍花招
"
try one's best to do,无
try out,"na. (采用前)严密试验；筛矿；量(金属的)纯度
"
turn a blind eye,"un. 掌上明珠；轮流；睁一只眼；不闻不问
"
turn a blind eye to,"na. 对…熟视无睹；假装不见
"
turn down,"na. 翻下(衣领等)；扭小(灯火等)拒绝考虑；拒绝(某人)
"
turn off,"v. 关掉
"
turn to,"v. 向(某人)求助；求助于
"
turn up,"v. 朝上翻；出现
"
tutorial paper,无
twice as many,无
ultra-violet radiation,紫外辐射
uncertain about, 对…不能肯定
under pressure,"un. 在压力下
"
under stress,"un. 在受力时
"
undergraduate student, 本科生；大学部学生；大学生
union fee,无
universal education,"n. 普及教育
"
up to,"na. 干(着)；到；胜任；…的责任
"
upper class,"n. 上流社会；上等阶层
adj. 上层阶级(特有)的
"
upper limit,"un. 上限尺寸；最大容许尺寸；顶点
"
vacant position,"un. 空位；空座席
"
vacuum flask,"n. 保温瓶；热水瓶；真空瓶；冰瓶
abbr. (=vacuum bottle)
"
various aspects of,无
vary with,"na. 照…变化
"
vice versa,"adv. 反之亦然；反过来也一样
"
virgin forest,"un. 原始森林；原始林
"
virtual reality,"n. （计算机创造的）虚拟现实
"
vocational school,"n. （美国）职业学校
"
voluntary organization, 志愿组织；志愿者组织；志愿性组织
volunteer to do, 自愿做某事；志愿做某事；主动
wake up,"na. 同“wake”；叫醒；醒来；振作起来
"
walk away with, 随…走开; 偷走; 带走; <口>轻而易举地赢得（比赛、奖品等）
washing machine,"n. 洗衣机
"
waste disposal,"un. 废弃物处理；废物处置；废物处理
"
watch for,"v. 期待；等待
"
watch out,"na. 当心；留神；小心；提防
"
water-soluble vitamin, 水溶性维生素
way off base,无
website address,网址
wedding vow, 结婚誓言；婚礼誓言；婚礼盟誓
weigh the pros and cons,"na. 权衡利弊
"
weight lifting,"na. 【体】举重
"
well done,"adj. 熟透的；煮透了的；烧烂了的
"
wipe out,"na. 擦去；【无线】遮蔽；遮蔽地域；【信】封闭
"
with a population of,无
with the help of,"prep. 借助于
"
without question,"na. 无疑地；没有异议
"
word processing,"n. （计算机）字处理
"
data processing,"n. 数据处理
"
work out,"v. 作出；拟定；制定；计划一下
"
work through,"un. 急救；推敲；过…关；贯穿
"
working experience, 工作经验；工作经历；任职经验
worth doing, 值得做的；值得一做的；值得去做某事
write back,"v. 回信
"
write up,"na. 写在高处；书面表扬；一直写到最近事情；详细写
"
you name it, <口>凡你想得起的 不管什么（都有了或都干了等）
youth hostel,"n. 青年招待所
"
